"PRENOM","SEXE","ANNEE_NAISSANCE","OCCURRENCE"
"LOUISE","FILLE","2012","70.0"
"MANON","FILLE","2012","60.0"
"CHLOÉ","FILLE","2012","48.0"
"JEANNE","FILLE","2012","48.0"
"ALICE","FILLE","2012","47.0"
"CAMILLE","FILLE","2012","45.0"
"EMMA","FILLE","2012","45.0"
"LÉA","FILLE","2012","45.0"
"ROMANE","FILLE","2012","44.0"
"INÈS","FILLE","2012","43.0"
"JULIETTE","FILLE","2012","43.0"
"JADE","FILLE","2012","42.0"
"LÉONIE","FILLE","2012","35.0"
"LOLA","FILLE","2012","34.0"
"ZOÉ","FILLE","2012","34.0"
"LILOU","FILLE","2012","32.0"
"SARAH","FILLE","2012","28.0"
"ANAÏS","FILLE","2012","26.0"
"ANNA","FILLE","2012","26.0"
"LÉNA","FILLE","2012","26.0"
"MARGOT","FILLE","2012","26.0"
"PAULINE","FILLE","2012","26.0"
"LINA","FILLE","2012","25.0"
"ADÈLE","FILLE","2012","24.0"
"CHARLOTTE","FILLE","2012","24.0"
"LOUNA","FILLE","2012","24.0"
"CLÉMENCE","FILLE","2012","23.0"
"ELISA","FILLE","2012","23.0"
"LUCIE","FILLE","2012","23.0"
"ROSE","FILLE","2012","23.0"
"AMBRE","FILLE","2012","22.0"
"NINA","FILLE","2012","22.0"
"LISE","FILLE","2012","21.0"
"AGATHE","FILLE","2012","20.0"
"ENORA","FILLE","2012","20.0"
"MAËLYS","FILLE","2012","20.0"
"MILA","FILLE","2012","19.0"
"SALOMÉ","FILLE","2012","18.0"
"CAPUCINE","FILLE","2012","17.0"
"CLARA","FILLE","2012","17.0"
"EVA","FILLE","2012","17.0"
"NINON","FILLE","2012","17.0"
"FAUSTINE","FILLE","2012","16.0"
"LILY","FILLE","2012","16.0"
"LISA","FILLE","2012","16.0"
"NORAH","FILLE","2012","16.0"
"LOU","FILLE","2012","15.0"
"MARGAUX","FILLE","2012","15.0"
"MATHILDE","FILLE","2012","15.0"
"SOLINE","FILLE","2012","15.0"
"APOLLINE","FILLE","2012","14.0"
"JOSÉPHINE","FILLE","2012","14.0"
"JULIA","FILLE","2012","14.0"
"THAÏS","FILLE","2012","14.0"
"ZÉLIE","FILLE","2012","14.0"
"INAYA","FILLE","2012","13.0"
"MARIE","FILLE","2012","13.0"
"ALICIA","FILLE","2012","12.0"
"ELISE","FILLE","2012","12.0"
"GABRIELLE","FILLE","2012","12.0"
"HÉLOÏSE","FILLE","2012","12.0"
"LEÏLA","FILLE","2012","12.0"
"LOUISON","FILLE","2012","12.0"
"MARION","FILLE","2012","12.0"
"NOÉMIE","FILLE","2012","12.0"
"OLIVIA","FILLE","2012","12.0"
"ANAËLLE","FILLE","2012","11.0"
"AXELLE","FILLE","2012","11.0"
"LAURA","FILLE","2012","11.0"
"LÉANA","FILLE","2012","11.0"
"LILWENN","FILLE","2012","11.0"
"LOUISA","FILLE","2012","11.0"
"VALENTINE","FILLE","2012","11.0"
"ALIX","FILLE","2012","10.0"
"BÉRÉNICE","FILLE","2012","10.0"
"ELOÏSE","FILLE","2012","10.0"
"ELSA","FILLE","2012","10.0"
"ENOLA","FILLE","2012","10.0"
"LANA","FILLE","2012","10.0"
"LISON","FILLE","2012","10.0"
"MÉLISSA","FILLE","2012","10.0"
"AMANDINE","FILLE","2012","9.0"
"ANAÉ","FILLE","2012","9.0"
"ASSIA","FILLE","2012","9.0"
"CLÉMENTINE","FILLE","2012","9.0"
"DIANE","FILLE","2012","9.0"
"LIA","FILLE","2012","9.0"
"LOUANE","FILLE","2012","9.0"
"LYA","FILLE","2012","9.0"
"MAYA","FILLE","2012","9.0"
"VIOLETTE","FILLE","2012","9.0"
"AYA","FILLE","2012","8.0"
"DAPHNÉ","FILLE","2012","8.0"
"FLAVIE","FILLE","2012","8.0"
"JULIE","FILLE","2012","8.0"
"JUSTINE","FILLE","2012","8.0"
"LILA","FILLE","2012","8.0"
"LUCILE","FILLE","2012","8.0"
"LYLOU","FILLE","2012","8.0"
"MAËLLE","FILLE","2012","8.0"
"MARILOU","FILLE","2012","8.0"
"SELMA","FILLE","2012","8.0"
"SOFIA","FILLE","2012","8.0"
"VICTOIRE","FILLE","2012","8.0"
"YASMINE","FILLE","2012","8.0"
"ALEXIA","FILLE","2012","7.0"
"ALIYA","FILLE","2012","7.0"
"ANOUK","FILLE","2012","7.0"
"CANDICE","FILLE","2012","7.0"
"CLOÉ","FILLE","2012","7.0"
"ÉLÉA","FILLE","2012","7.0"
"EMILIE","FILLE","2012","7.0"
"IZIA","FILLE","2012","7.0"
"LÉANE","FILLE","2012","7.0"
"LILI","FILLE","2012","7.0"
"MALOU","FILLE","2012","7.0"
"MARIA","FILLE","2012","7.0"
"MÉLINE","FILLE","2012","7.0"
"ROXANE","FILLE","2012","7.0"
"SARA","FILLE","2012","7.0"
"SHAYNA","FILLE","2012","7.0"
"SUZIE","FILLE","2012","7.0"
"VICTORIA","FILLE","2012","7.0"
"WENDY","FILLE","2012","7.0"
"ALYA","FILLE","2012","6.0"
"ALYSSA","FILLE","2012","6.0"
"AMEL","FILLE","2012","6.0"
"ANGÈLE","FILLE","2012","6.0"
"AURORE","FILLE","2012","6.0"
"BERTILLE","FILLE","2012","6.0"
"CÉLESTE","FILLE","2012","6.0"
"CONSTANCE","FILLE","2012","6.0"
"EDEN","FILLE","2012","6.0"
"ÉLISE","FILLE","2012","6.0"
"EMMY","FILLE","2012","6.0"
"ÉNORA","FILLE","2012","6.0"
"ESTHER","FILLE","2012","6.0"
"FLEUR","FILLE","2012","6.0"
"FLORA","FILLE","2012","6.0"
"JULINE","FILLE","2012","6.0"
"LILIA","FILLE","2012","6.0"
"MADELEINE","FILLE","2012","6.0"
"OCÉANE","FILLE","2012","6.0"
"LÉO","GARCON","2012","64.0"
"HUGO","GARCON","2012","61.0"
"LOUIS","GARCON","2012","60.0"
"LUCAS","GARCON","2012","58.0"
"JULES","GARCON","2012","57.0"
"CLÉMENT","GARCON","2012","54.0"
"ARTHUR","GARCON","2012","53.0"
"ENZO","GARCON","2012","51.0"
"SACHA","GARCON","2012","49.0"
"TIMÉO","GARCON","2012","49.0"
"GABRIEL","GARCON","2012","42.0"
"PAUL","GARCON","2012","41.0"
"ETHAN","GARCON","2012","40.0"
"RAPHAËL","GARCON","2012","40.0"
"TOM","GARCON","2012","40.0"
"BAPTISTE","GARCON","2012","37.0"
"VICTOR","GARCON","2012","37.0"
"MALO","GARCON","2012","36.0"
"YANIS","GARCON","2012","36.0"
"GABIN","GARCON","2012","35.0"
"NOLAN","GARCON","2012","34.0"
"THÉO","GARCON","2012","34.0"
"AXEL","GARCON","2012","33.0"
"MAËL","GARCON","2012","33.0"
"MARTIN","GARCON","2012","33.0"
"MATHÉO","GARCON","2012","33.0"
"NOÉ","GARCON","2012","32.0"
"ADAM","GARCON","2012","31.0"
"ROBIN","GARCON","2012","31.0"
"NOAH","GARCON","2012","30.0"
"MARIUS","GARCON","2012","28.0"
"MAXIME","GARCON","2012","28.0"
"NATHAN","GARCON","2012","28.0"
"EVAN","GARCON","2012","27.0"
"MATHIS","GARCON","2012","26.0"
"MAXENCE","GARCON","2012","26.0"
"SIMON","GARCON","2012","26.0"
"ANTOINE","GARCON","2012","25.0"
"ALEXIS","GARCON","2012","24.0"
"EWEN","GARCON","2012","24.0"
"NINO","GARCON","2012","24.0"
"PIERRE","GARCON","2012","24.0"
"THOMAS","GARCON","2012","24.0"
"ALEXANDRE","GARCON","2012","23.0"
"OSCAR","GARCON","2012","23.0"
"ELIOTT","GARCON","2012","22.0"
"GASPARD","GARCON","2012","20.0"
"LIAM","GARCON","2012","18.0"
"NOA","GARCON","2012","18.0"
"QUENTIN","GARCON","2012","18.0"
"ANATOLE","GARCON","2012","17.0"
"AUGUSTIN","GARCON","2012","17.0"
"CAMILLE","GARCON","2012","17.0"
"MATHYS","GARCON","2012","17.0"
"SASHA","GARCON","2012","17.0"
"TIAGO","GARCON","2012","16.0"
"NOAM","GARCON","2012","15.0"
"TITOUAN","GARCON","2012","15.0"
"RUBEN","GARCON","2012","14.0"
"SAMUEL","GARCON","2012","14.0"
"TIMOTHÉE","GARCON","2012","14.0"
"TRISTAN","GARCON","2012","14.0"
"ADRIEN","GARCON","2012","13.0"
"CHARLY","GARCON","2012","13.0"
"ESTEBAN","GARCON","2012","13.0"
"JOSHUA","GARCON","2012","13.0"
"LOUKA","GARCON","2012","13.0"
"LUCIEN","GARCON","2012","13.0"
"MARIN","GARCON","2012","13.0"
"SOAN","GARCON","2012","13.0"
"LENNY","GARCON","2012","12.0"
"OWEN","GARCON","2012","12.0"
"RAYAN","GARCON","2012","12.0"
"VALENTIN","GARCON","2012","12.0"
"AARON","GARCON","2012","11.0"
"AMAURY","GARCON","2012","11.0"
"ARMAND","GARCON","2012","11.0"
"LÉON","GARCON","2012","11.0"
"NAËL","GARCON","2012","11.0"
"PACÔME","GARCON","2012","11.0"
"ANIS","GARCON","2012","10.0"
"CÔME","GARCON","2012","10.0"
"DIEGO","GARCON","2012","10.0"
"ELIAS","GARCON","2012","10.0"
"LORIS","GARCON","2012","10.0"
"MATTÉO","GARCON","2012","10.0"
"MOHAMED","GARCON","2012","10.0"
"PABLO","GARCON","2012","10.0"
"ROMAIN","GARCON","2012","10.0"
"AMINE","GARCON","2012","9.0"
"BASILE","GARCON","2012","9.0"
"BENJAMIN","GARCON","2012","9.0"
"CORENTIN","GARCON","2012","9.0"
"EDEN","GARCON","2012","9.0"
"JEAN","GARCON","2012","9.0"
"KENZO","GARCON","2012","9.0"
"NOLANN","GARCON","2012","9.0"
"ABEL","GARCON","2012","8.0"
"ACHILLE","GARCON","2012","8.0"
"ANTONIN","GARCON","2012","8.0"
"CHARLIE","GARCON","2012","8.0"
"ISAAC","GARCON","2012","8.0"
"KAÏS","GARCON","2012","8.0"
"LILIAN","GARCON","2012","8.0"
"LORENZO","GARCON","2012","8.0"
"MILO","GARCON","2012","8.0"
"SOHAN","GARCON","2012","8.0"
"SWANN","GARCON","2012","8.0"
"TIMOTHÉ","GARCON","2012","8.0"
"WASSIM","GARCON","2012","8.0"
"ALBAN","GARCON","2012","7.0"
"ARMEL","GARCON","2012","7.0"
"EDOUARD","GARCON","2012","7.0"
"ELIOT","GARCON","2012","7.0"
"ELOUAN","GARCON","2012","7.0"
"JOSEPH","GARCON","2012","7.0"
"JULIAN","GARCON","2012","7.0"
"LÉOPOLD","GARCON","2012","7.0"
"LINO","GARCON","2012","7.0"
"LYAM","GARCON","2012","7.0"
"MARCEAU","GARCON","2012","7.0"
"MEHDI","GARCON","2012","7.0"
"MORGAN","GARCON","2012","7.0"
"NATHANAËL","GARCON","2012","7.0"
"RAFAEL","GARCON","2012","7.0"
"THIBAULT","GARCON","2012","7.0"
"WILLIAM","GARCON","2012","7.0"
"YACINE","GARCON","2012","7.0"
"ALEX","GARCON","2012","6.0"
"ANAS","GARCON","2012","6.0"
"ARSÈNE","GARCON","2012","6.0"
"AYOUB","GARCON","2012","6.0"
"BASTIEN","GARCON","2012","6.0"
"CHARLES","GARCON","2012","6.0"
"DAVID","GARCON","2012","6.0"
"EMILE","GARCON","2012","6.0"
"EWENN","GARCON","2012","6.0"
"GUILLAUME","GARCON","2012","6.0"
"HAMZA","GARCON","2012","6.0"
"HIPPOLYTE","GARCON","2012","6.0"
"ILAN","GARCON","2012","6.0"
"ILYÈS","GARCON","2012","6.0"
"LÉANDRE","GARCON","2012","6.0"
"LUBIN","GARCON","2012","6.0"
"MAMADOU","GARCON","2012","6.0"
"MAYRON","GARCON","2012","6.0"
"MILAN","GARCON","2012","6.0"
"NAÏM","GARCON","2012","6.0"
"NICOLAS","GARCON","2012","6.0"
"NOLHAN","GARCON","2012","6.0"
"RAYANE","GARCON","2012","6.0"
"EMMA","FILLE","2011","65.0"
"LOUISE","FILLE","2011","61.0"
"MANON","FILLE","2011","60.0"
"CHLOÉ","FILLE","2011","53.0"
"INÈS","FILLE","2011","48.0"
"LOLA","FILLE","2011","43.0"
"JEANNE","FILLE","2011","42.0"
"CAMILLE","FILLE","2011","40.0"
"JADE","FILLE","2011","40.0"
"ROSE","FILLE","2011","40.0"
"ZOÉ","FILLE","2011","40.0"
"JULIETTE","FILLE","2011","39.0"
"LÉA","FILLE","2011","39.0"
"ALICE","FILLE","2011","37.0"
"ROMANE","FILLE","2011","36.0"
"SARAH","FILLE","2011","32.0"
"ADÈLE","FILLE","2011","30.0"
"LILOU","FILLE","2011","29.0"
"MARGAUX","FILLE","2011","29.0"
"LOUNA","FILLE","2011","27.0"
"LÉONIE","FILLE","2011","26.0"
"MARIE","FILLE","2011","25.0"
"ANAÏS","FILLE","2011","23.0"
"CLÉMENCE","FILLE","2011","23.0"
"LÉNA","FILLE","2011","23.0"
"LUCIE","FILLE","2011","23.0"
"NINA","FILLE","2011","23.0"
"THAÏS","FILLE","2011","23.0"
"CLARA","FILLE","2011","22.0"
"LINA","FILLE","2011","22.0"
"MARGOT","FILLE","2011","22.0"
"LILY","FILLE","2011","21.0"
"LOU","FILLE","2011","21.0"
"EVA","FILLE","2011","20.0"
"AMBRE","FILLE","2011","18.0"
"ANNA","FILLE","2011","18.0"
"CHARLOTTE","FILLE","2011","18.0"
"ENORA","FILLE","2011","18.0"
"MAËLYS","FILLE","2011","18.0"
"MATHILDE","FILLE","2011","18.0"
"SALOMÉ","FILLE","2011","18.0"
"NOÉMIE","FILLE","2011","17.0"
"CAPUCINE","FILLE","2011","16.0"
"CÉLIA","FILLE","2011","16.0"
"GABRIELLE","FILLE","2011","15.0"
"ALICIA","FILLE","2011","14.0"
"FAUSTINE","FILLE","2011","14.0"
"LISA","FILLE","2011","14.0"
"MAÏWENN","FILLE","2011","14.0"
"PAULINE","FILLE","2011","14.0"
"AXELLE","FILLE","2011","13.0"
"COLINE","FILLE","2011","13.0"
"ELSA","FILLE","2011","13.0"
"ZÉLIE","FILLE","2011","13.0"
"APOLLINE","FILLE","2011","12.0"
"INAYA","FILLE","2011","12.0"
"LISON","FILLE","2011","12.0"
"LOUANE","FILLE","2011","12.0"
"MARION","FILLE","2011","12.0"
"AYA","FILLE","2011","11.0"
"CLÉMENTINE","FILLE","2011","11.0"
"MAYA","FILLE","2011","11.0"
"OLIVIA","FILLE","2011","11.0"
"VICTORIA","FILLE","2011","11.0"
"YASMINE","FILLE","2011","11.0"
"ALIX","FILLE","2011","10.0"
"ANOUK","FILLE","2011","10.0"
"CONSTANCE","FILLE","2011","10.0"
"GARANCE","FILLE","2011","10.0"
"HÉLOÏSE","FILLE","2011","10.0"
"JULIA","FILLE","2011","10.0"
"JUSTINE","FILLE","2011","10.0"
"LISE","FILLE","2011","10.0"
"LOANE","FILLE","2011","10.0"
"LOUISA","FILLE","2011","10.0"
"LYA","FILLE","2011","10.0"
"MAËLLE","FILLE","2011","10.0"
"MAÏA","FILLE","2011","10.0"
"MÉLINA","FILLE","2011","10.0"
"OCÉANE","FILLE","2011","10.0"
"AGATHE","FILLE","2011","9.0"
"ANAÉ","FILLE","2011","9.0"
"ELISA","FILLE","2011","9.0"
"JULIE","FILLE","2011","9.0"
"LANA","FILLE","2011","9.0"
"LAURA","FILLE","2011","9.0"
"LUCILE","FILLE","2011","9.0"
"MAËVA","FILLE","2011","9.0"
"ALBANE","FILLE","2011","8.0"
"CANDICE","FILLE","2011","8.0"
"CASSANDRA","FILLE","2011","8.0"
"ELISE","FILLE","2011","8.0"
"ELLA","FILLE","2011","8.0"
"JOSÉPHINE","FILLE","2011","8.0"
"LÉANE","FILLE","2011","8.0"
"LEÏLA","FILLE","2011","8.0"
"LILA","FILLE","2011","8.0"
"LYNA","FILLE","2011","8.0"
"MILA","FILLE","2011","8.0"
"NORA","FILLE","2011","8.0"
"VALENTINE","FILLE","2011","8.0"
"VIOLETTE","FILLE","2011","8.0"
"CARMEN","FILLE","2011","7.0"
"ELOÏSE","FILLE","2011","7.0"
"EMILIE","FILLE","2011","7.0"
"ENOLA","FILLE","2011","7.0"
"IRIS","FILLE","2011","7.0"
"IZIA","FILLE","2011","7.0"
"LOUISON","FILLE","2011","7.0"
"LUDIVINE","FILLE","2011","7.0"
"MÉLISSA","FILLE","2011","7.0"
"NINON","FILLE","2011","7.0"
"SELMA","FILLE","2011","7.0"
"YOUNA","FILLE","2011","7.0"
"AMANDINE","FILLE","2011","6.0"
"ANAËLLE","FILLE","2011","6.0"
"ASMA","FILLE","2011","6.0"
"CÉLESTE","FILLE","2011","6.0"
"ELÉNA","FILLE","2011","6.0"
"ELÉONORE","FILLE","2011","6.0"
"ELINA","FILLE","2011","6.0"
"EMY","FILLE","2011","6.0"
"LÉANA","FILLE","2011","6.0"
"LEYLA","FILLE","2011","6.0"
"LUNA","FILLE","2011","6.0"
"LYLOU","FILLE","2011","6.0"
"MADELEINE","FILLE","2011","6.0"
"MAËLIE","FILLE","2011","6.0"
"MÉLINE","FILLE","2011","6.0"
"MONA","FILLE","2011","6.0"
"NORAH","FILLE","2011","6.0"
"ROMY","FILLE","2011","6.0"
"SHANA","FILLE","2011","6.0"
"SIDONIE","FILLE","2011","6.0"
"VICTOIRE","FILLE","2011","6.0"
"ARTHUR","GARCON","2011","62.0"
"LUCAS","GARCON","2011","55.0"
"LOUIS","GARCON","2011","51.0"
"GABRIEL","GARCON","2011","49.0"
"CLÉMENT","GARCON","2011","48.0"
"HUGO","GARCON","2011","48.0"
"NATHAN","GARCON","2011","46.0"
"TIMÉO","GARCON","2011","45.0"
"RAPHAËL","GARCON","2011","43.0"
"LÉO","GARCON","2011","42.0"
"ENZO","GARCON","2011","40.0"
"JULES","GARCON","2011","40.0"
"MATHIS","GARCON","2011","40.0"
"PAUL","GARCON","2011","39.0"
"SACHA","GARCON","2011","39.0"
"ETHAN","GARCON","2011","38.0"
"NOAH","GARCON","2011","38.0"
"NOLAN","GARCON","2011","38.0"
"MAXIME","GARCON","2011","36.0"
"MALO","GARCON","2011","34.0"
"NOÉ","GARCON","2011","34.0"
"AXEL","GARCON","2011","33.0"
"SIMON","GARCON","2011","33.0"
"TOM","GARCON","2011","33.0"
"MARTIN","GARCON","2011","32.0"
"MAXENCE","GARCON","2011","32.0"
"YANIS","GARCON","2011","31.0"
"ALEXIS","GARCON","2011","30.0"
"GABIN","GARCON","2011","30.0"
"MARIUS","GARCON","2011","29.0"
"THÉO","GARCON","2011","29.0"
"ADAM","GARCON","2011","28.0"
"LIAM","GARCON","2011","28.0"
"NINO","GARCON","2011","27.0"
"GASPARD","GARCON","2011","26.0"
"MAËL","GARCON","2011","26.0"
"THOMAS","GARCON","2011","26.0"
"ANTOINE","GARCON","2011","25.0"
"VICTOR","GARCON","2011","24.0"
"ELIOTT","GARCON","2011","23.0"
"EVAN","GARCON","2011","23.0"
"ALEXANDRE","GARCON","2011","22.0"
"ROMAIN","GARCON","2011","22.0"
"TITOUAN","GARCON","2011","22.0"
"VALENTIN","GARCON","2011","22.0"
"AARON","GARCON","2011","20.0"
"BAPTISTE","GARCON","2011","20.0"
"MATHÉO","GARCON","2011","20.0"
"OSCAR","GARCON","2011","20.0"
"QUENTIN","GARCON","2011","20.0"
"ROBIN","GARCON","2011","19.0"
"CAMILLE","GARCON","2011","17.0"
"EWEN","GARCON","2011","17.0"
"AUGUSTIN","GARCON","2011","16.0"
"MATHYS","GARCON","2011","16.0"
"NOA","GARCON","2011","16.0"
"PIERRE","GARCON","2011","16.0"
"RAYAN","GARCON","2011","16.0"
"ANTONIN","GARCON","2011","15.0"
"ELOUAN","GARCON","2011","15.0"
"ISAAC","GARCON","2011","15.0"
"LUCIEN","GARCON","2011","15.0"
"MOHAMED","GARCON","2011","15.0"
"LÉON","GARCON","2011","14.0"
"LORENZO","GARCON","2011","14.0"
"BASTIEN","GARCON","2011","13.0"
"ESTEBAN","GARCON","2011","13.0"
"JEAN","GARCON","2011","13.0"
"OWEN","GARCON","2011","13.0"
"SAMUEL","GARCON","2011","13.0"
"ALBAN","GARCON","2011","12.0"
"ILAN","GARCON","2011","12.0"
"KENZO","GARCON","2011","12.0"
"LENNY","GARCON","2011","12.0"
"NOAM","GARCON","2011","12.0"
"KAÏS","GARCON","2011","11.0"
"AMAURY","GARCON","2011","10.0"
"CHARLY","GARCON","2011","10.0"
"DIEGO","GARCON","2011","10.0"
"EDEN","GARCON","2011","10.0"
"KYLIAN","GARCON","2011","10.0"
"MATTÉO","GARCON","2011","10.0"
"MILO","GARCON","2011","10.0"
"RAFAËL","GARCON","2011","10.0"
"ARMAND","GARCON","2011","9.0"
"CÔME","GARCON","2011","9.0"
"CORENTIN","GARCON","2011","9.0"
"DORIAN","GARCON","2011","9.0"
"LOUKA","GARCON","2011","9.0"
"MAÉ","GARCON","2011","9.0"
"NATHANAËL","GARCON","2011","9.0"
"TAO","GARCON","2011","9.0"
"TIMOTHÉE","GARCON","2011","9.0"
"AYOUB","GARCON","2011","8.0"
"BENJAMIN","GARCON","2011","8.0"
"CHARLES","GARCON","2011","8.0"
"CHARLIE","GARCON","2011","8.0"
"EDGAR","GARCON","2011","8.0"
"EDOUARD","GARCON","2011","8.0"
"KILLIAN","GARCON","2011","8.0"
"LOÏS","GARCON","2011","8.0"
"MATÉO","GARCON","2011","8.0"
"NAËL","GARCON","2011","8.0"
"RYAN","GARCON","2011","8.0"
"ABEL","GARCON","2011","7.0"
"ANATOLE","GARCON","2011","7.0"
"BASILE","GARCON","2011","7.0"
"DYLAN","GARCON","2011","7.0"
"ELLIOT","GARCON","2011","7.0"
"IBRAHIM","GARCON","2011","7.0"
"JULIAN","GARCON","2011","7.0"
"LÉONARD","GARCON","2011","7.0"
"LILIAN","GARCON","2011","7.0"
"MARCEAU","GARCON","2011","7.0"
"NOLHAN","GARCON","2011","7.0"
"PABLO","GARCON","2011","7.0"
"PACÔME","GARCON","2011","7.0"
"RUBEN","GARCON","2011","7.0"
"TIMOTHÉ","GARCON","2011","7.0"
"YANN","GARCON","2011","7.0"
"ADRIEN","GARCON","2011","6.0"
"ANDY","GARCON","2011","6.0"
"FÉLIX","GARCON","2011","6.0"
"ISMAËL","GARCON","2011","6.0"
"JOACHIM","GARCON","2011","6.0"
"JUSTIN","GARCON","2011","6.0"
"LENY","GARCON","2011","6.0"
"LENZO","GARCON","2011","6.0"
"LOGAN","GARCON","2011","6.0"
"LUKA","GARCON","2011","6.0"
"MACÉO","GARCON","2011","6.0"
"MAHÉ","GARCON","2011","6.0"
"MARIN","GARCON","2011","6.0"
"NICOLAS","GARCON","2011","6.0"
"ROMAN","GARCON","2011","6.0"
"SANDRO","GARCON","2011","6.0"
"TÉO","GARCON","2011","6.0"
"TONY","GARCON","2011","6.0"
"YASSINE","GARCON","2011","6.0"
"EMMA","FILLE","2010","65.0"
"MANON","FILLE","2010","63.0"
"LOUISE","FILLE","2010","57.0"
"CAMILLE","FILLE","2010","51.0"
"JADE","FILLE","2010","47.0"
"LOLA","FILLE","2010","47.0"
"LÉA","FILLE","2010","41.0"
"CHLOÉ","FILLE","2010","40.0"
"ZOÉ","FILLE","2010","38.0"
"ALICE","FILLE","2010","35.0"
"INÈS","FILLE","2010","34.0"
"ROMANE","FILLE","2010","34.0"
"LÉONIE","FILLE","2010","33.0"
"JULIETTE","FILLE","2010","32.0"
"LILOU","FILLE","2010","32.0"
"ANAÏS","FILLE","2010","31.0"
"MAËLYS","FILLE","2010","31.0"
"CHARLOTTE","FILLE","2010","30.0"
"SARAH","FILLE","2010","30.0"
"ANNA","FILLE","2010","29.0"
"ROSE","FILLE","2010","29.0"
"CLÉMENCE","FILLE","2010","28.0"
"LOU","FILLE","2010","28.0"
"EVA","FILLE","2010","27.0"
"JEANNE","FILLE","2010","27.0"
"LOUNA","FILLE","2010","26.0"
"LUCIE","FILLE","2010","25.0"
"NINA","FILLE","2010","25.0"
"ADÈLE","FILLE","2010","23.0"
"AMBRE","FILLE","2010","23.0"
"MARGAUX","FILLE","2010","23.0"
"SALOMÉ","FILLE","2010","23.0"
"CLARA","FILLE","2010","22.0"
"LÉNA","FILLE","2010","22.0"
"MARGOT","FILLE","2010","21.0"
"MATHILDE","FILLE","2010","21.0"
"PAULINE","FILLE","2010","20.0"
"LOUANE","FILLE","2010","19.0"
"MILA","FILLE","2010","19.0"
"ALICIA","FILLE","2010","18.0"
"APOLLINE","FILLE","2010","18.0"
"JULIA","FILLE","2010","18.0"
"LILY","FILLE","2010","18.0"
"LINA","FILLE","2010","18.0"
"LISA","FILLE","2010","18.0"
"JULIE","FILLE","2010","17.0"
"ZÉLIE","FILLE","2010","17.0"
"ENORA","FILLE","2010","16.0"
"THAÏS","FILLE","2010","16.0"
"AGATHE","FILLE","2010","15.0"
"MARIE","FILLE","2010","15.0"
"ANAÉ","FILLE","2010","14.0"
"ANAËLLE","FILLE","2010","14.0"
"ANOUK","FILLE","2010","14.0"
"FAUSTINE","FILLE","2010","14.0"
"CAPUCINE","FILLE","2010","13.0"
"ELISE","FILLE","2010","13.0"
"MAËLLE","FILLE","2010","13.0"
"CLÉMENTINE","FILLE","2010","12.0"
"CONSTANCE","FILLE","2010","12.0"
"ELOÏSE","FILLE","2010","12.0"
"LAURA","FILLE","2010","12.0"
"MARINE","FILLE","2010","12.0"
"MAYA","FILLE","2010","12.0"
"VALENTINE","FILLE","2010","12.0"
"LISE","FILLE","2010","11.0"
"LOUISON","FILLE","2010","11.0"
"OCÉANE","FILLE","2010","11.0"
"EMILIE","FILLE","2010","10.0"
"LILY-ROSE","FILLE","2010","10.0"
"LISON","FILLE","2010","10.0"
"LUNA","FILLE","2010","10.0"
"NORA","FILLE","2010","10.0"
"SHANA","FILLE","2010","10.0"
"AMÉLIE","FILLE","2010","9.0"
"DAPHNÉ","FILLE","2010","9.0"
"ELISA","FILLE","2010","9.0"
"INAYA","FILLE","2010","9.0"
"MÉLINA","FILLE","2010","9.0"
"NINON","FILLE","2010","9.0"
"NOÉMIE","FILLE","2010","9.0"
"YUNA","FILLE","2010","9.0"
"ALBANE","FILLE","2010","8.0"
"AUDREY","FILLE","2010","8.0"
"CÉLIA","FILLE","2010","8.0"
"ELENA","FILLE","2010","8.0"
"HANAÉ","FILLE","2010","8.0"
"JUSTINE","FILLE","2010","8.0"
"LANA","FILLE","2010","8.0"
"LILA","FILLE","2010","8.0"
"MAÏA","FILLE","2010","8.0"
"MARION","FILLE","2010","8.0"
"SOLINE","FILLE","2010","8.0"
"CÉLESTE","FILLE","2010","7.0"
"DIANE","FILLE","2010","7.0"
"ÉLÉA","FILLE","2010","7.0"
"ELÉNA","FILLE","2010","7.0"
"ELSA","FILLE","2010","7.0"
"FANNY","FILLE","2010","7.0"
"FLORA","FILLE","2010","7.0"
"GARANCE","FILLE","2010","7.0"
"INES","FILLE","2010","7.0"
"IZIA","FILLE","2010","7.0"
"LÉANA","FILLE","2010","7.0"
"LILI","FILLE","2010","7.0"
"LOUISA","FILLE","2010","7.0"
"LYLOU","FILLE","2010","7.0"
"NORAH","FILLE","2010","7.0"
"SARA","FILLE","2010","7.0"
"VICTOIRE","FILLE","2010","7.0"
"CHARLIE","FILLE","2010","6.0"
"ELOANE","FILLE","2010","6.0"
"EMMY","FILLE","2010","6.0"
"EMY","FILLE","2010","6.0"
"HANNA","FILLE","2010","6.0"
"HÉLOÏSE","FILLE","2010","6.0"
"HORTENSE","FILLE","2010","6.0"
"LALY","FILLE","2010","6.0"
"LÉANE","FILLE","2010","6.0"
"LOANE","FILLE","2010","6.0"
"LYA","FILLE","2010","6.0"
"MARYAM","FILLE","2010","6.0"
"MÉLISSA","FILLE","2010","6.0"
"VICTORIA","FILLE","2010","6.0"
"VIOLETTE","FILLE","2010","6.0"
"LUCAS","GARCON","2010","69.0"
"HUGO","GARCON","2010","62.0"
"JULES","GARCON","2010","61.0"
"ARTHUR","GARCON","2010","58.0"
"ENZO","GARCON","2010","58.0"
"LÉO","GARCON","2010","58.0"
"LOUIS","GARCON","2010","50.0"
"CLÉMENT","GARCON","2010","49.0"
"NATHAN","GARCON","2010","47.0"
"TOM","GARCON","2010","45.0"
"RAPHAËL","GARCON","2010","44.0"
"GABRIEL","GARCON","2010","43.0"
"THÉO","GARCON","2010","43.0"
"SIMON","GARCON","2010","40.0"
"NOAH","GARCON","2010","38.0"
"MAËL","GARCON","2010","37.0"
"SACHA","GARCON","2010","36.0"
"TIMÉO","GARCON","2010","35.0"
"TITOUAN","GARCON","2010","35.0"
"GABIN","GARCON","2010","34.0"
"PAUL","GARCON","2010","34.0"
"ANTOINE","GARCON","2010","33.0"
"BAPTISTE","GARCON","2010","33.0"
"ETHAN","GARCON","2010","32.0"
"EVAN","GARCON","2010","32.0"
"MATHÉO","GARCON","2010","32.0"
"MATHIS","GARCON","2010","32.0"
"THOMAS","GARCON","2010","32.0"
"EWEN","GARCON","2010","31.0"
"NOLAN","GARCON","2010","31.0"
"NINO","GARCON","2010","30.0"
"NOÉ","GARCON","2010","29.0"
"YANIS","GARCON","2010","29.0"
"QUENTIN","GARCON","2010","26.0"
"ALEXANDRE","GARCON","2010","25.0"
"AXEL","GARCON","2010","25.0"
"LIAM","GARCON","2010","24.0"
"MAXENCE","GARCON","2010","24.0"
"MAXIME","GARCON","2010","24.0"
"VALENTIN","GARCON","2010","24.0"
"ALEXIS","GARCON","2010","23.0"
"ELIOTT","GARCON","2010","23.0"
"MALO","GARCON","2010","23.0"
"VICTOR","GARCON","2010","23.0"
"ADAM","GARCON","2010","21.0"
"GASPARD","GARCON","2010","21.0"
"ESTEBAN","GARCON","2010","20.0"
"MARTIN","GARCON","2010","20.0"
"ROBIN","GARCON","2010","20.0"
"ANTONIN","GARCON","2010","18.0"
"ILAN","GARCON","2010","18.0"
"MARIUS","GARCON","2010","18.0"
"PIERRE","GARCON","2010","18.0"
"TIMOTHÉE","GARCON","2010","18.0"
"BENJAMIN","GARCON","2010","17.0"
"OSCAR","GARCON","2010","17.0"
"PABLO","GARCON","2010","17.0"
"SAMUEL","GARCON","2010","17.0"
"NOA","GARCON","2010","16.0"
"THIBAULT","GARCON","2010","16.0"
"AARON","GARCON","2010","15.0"
"ADRIEN","GARCON","2010","15.0"
"CAMILLE","GARCON","2010","15.0"
"MATHIEU","GARCON","2010","15.0"
"MATHYS","GARCON","2010","15.0"
"ROMAIN","GARCON","2010","15.0"
"LÉON","GARCON","2010","14.0"
"LILIAN","GARCON","2010","14.0"
"NOAM","GARCON","2010","14.0"
"AUGUSTIN","GARCON","2010","12.0"
"CORENTIN","GARCON","2010","12.0"
"FÉLIX","GARCON","2010","12.0"
"LENNY","GARCON","2010","12.0"
"LORENZO","GARCON","2010","12.0"
"LUCIEN","GARCON","2010","12.0"
"ALBAN","GARCON","2010","11.0"
"LUKA","GARCON","2010","11.0"
"MATÉO","GARCON","2010","11.0"
"MILO","GARCON","2010","11.0"
"BASTIEN","GARCON","2010","10.0"
"ISAAC","GARCON","2010","10.0"
"MELVIN","GARCON","2010","10.0"
"TIMOTHÉ","GARCON","2010","10.0"
"ARMAND","GARCON","2010","9.0"
"BASILE","GARCON","2010","9.0"
"ELIAS","GARCON","2010","9.0"
"ELOUAN","GARCON","2010","9.0"
"JEAN","GARCON","2010","9.0"
"JOHAN","GARCON","2010","9.0"
"JOSHUA","GARCON","2010","9.0"
"NILS","GARCON","2010","9.0"
"CHARLES","GARCON","2010","8.0"
"CHARLIE","GARCON","2010","8.0"
"CÔME","GARCON","2010","8.0"
"KYLIAN","GARCON","2010","8.0"
"LÉANDRE","GARCON","2010","8.0"
"LENY","GARCON","2010","8.0"
"LÉONARD","GARCON","2010","8.0"
"LOUKA","GARCON","2010","8.0"
"MATTÉO","GARCON","2010","8.0"
"MERLIN","GARCON","2010","8.0"
"NAËL","GARCON","2010","8.0"
"RUBEN","GARCON","2010","8.0"
"ULYSSE","GARCON","2010","8.0"
"AMINE","GARCON","2010","7.0"
"ELIOT","GARCON","2010","7.0"
"ELLIOT","GARCON","2010","7.0"
"EVANN","GARCON","2010","7.0"
"FLORIAN","GARCON","2010","7.0"
"HIPPOLYTE","GARCON","2010","7.0"
"ISMAËL","GARCON","2010","7.0"
"JOSEPH","GARCON","2010","7.0"
"KAÏS","GARCON","2010","7.0"
"LUCA","GARCON","2010","7.0"
"MARIN","GARCON","2010","7.0"
"MILAN","GARCON","2010","7.0"
"MOHAMED","GARCON","2010","7.0"
"OWEN","GARCON","2010","7.0"
"RAYAN","GARCON","2010","7.0"
"SOREN","GARCON","2010","7.0"
"TRISTAN","GARCON","2010","7.0"
"WILLIAM","GARCON","2010","7.0"
"AMAURY","GARCON","2010","6.0"
"ELIE","GARCON","2010","6.0"
"GRÉGOIRE","GARCON","2010","6.0"
"GUILLAUME","GARCON","2010","6.0"
"JORDAN","GARCON","2010","6.0"
"JULIEN","GARCON","2010","6.0"
"LINO","GARCON","2010","6.0"
"MARCEAU","GARCON","2010","6.0"
"MATHIAS","GARCON","2010","6.0"
"ROMÉO","GARCON","2010","6.0"
"RYAN","GARCON","2010","6.0"
"THÉODORE","GARCON","2010","6.0"
"TIAGO","GARCON","2010","6.0"
"YLAN","GARCON","2010","6.0"
"LOUISE","FILLE","2009","71.0"
"EMMA","FILLE","2009","63.0"
"CHLOÉ","FILLE","2009","54.0"
"CAMILLE","FILLE","2009","50.0"
"INÈS","FILLE","2009","49.0"
"ZOÉ","FILLE","2009","49.0"
"JADE","FILLE","2009","48.0"
"MANON","FILLE","2009","42.0"
"LÉA","FILLE","2009","41.0"
"ROMANE","FILLE","2009","41.0"
"SARAH","FILLE","2009","41.0"
"ANAÏS","FILLE","2009","37.0"
"LILOU","FILLE","2009","33.0"
"LOLA","FILLE","2009","29.0"
"LOU","FILLE","2009","29.0"
"ROSE","FILLE","2009","29.0"
"CHARLOTTE","FILLE","2009","28.0"
"CLARA","FILLE","2009","28.0"
"JULIETTE","FILLE","2009","28.0"
"ANNA","FILLE","2009","26.0"
"EVA","FILLE","2009","25.0"
"MAËLYS","FILLE","2009","25.0"
"JEANNE","FILLE","2009","24.0"
"LOUNA","FILLE","2009","24.0"
"LUNA","FILLE","2009","24.0"
"MARGOT","FILLE","2009","24.0"
"CLÉMENCE","FILLE","2009","23.0"
"ALICE","FILLE","2009","22.0"
"ADÈLE","FILLE","2009","21.0"
"AGATHE","FILLE","2009","21.0"
"MARGAUX","FILLE","2009","20.0"
"LÉNA","FILLE","2009","19.0"
"LÉONIE","FILLE","2009","19.0"
"LUCIE","FILLE","2009","19.0"
"NOÉMIE","FILLE","2009","19.0"
"PAULINE","FILLE","2009","19.0"
"SALOMÉ","FILLE","2009","19.0"
"THAÏS","FILLE","2009","19.0"
"AMBRE","FILLE","2009","18.0"
"LINA","FILLE","2009","18.0"
"LISA","FILLE","2009","18.0"
"CANDICE","FILLE","2009","17.0"
"LILY","FILLE","2009","17.0"
"ELISA","FILLE","2009","16.0"
"ELISE","FILLE","2009","16.0"
"FAUSTINE","FILLE","2009","16.0"
"HÉLOÏSE","FILLE","2009","16.0"
"LOUANE","FILLE","2009","15.0"
"ANOUK","FILLE","2009","14.0"
"CÉLIA","FILLE","2009","14.0"
"JULIE","FILLE","2009","14.0"
"MILA","FILLE","2009","14.0"
"NINA","FILLE","2009","14.0"
"NINON","FILLE","2009","14.0"
"ALIX","FILLE","2009","13.0"
"CAPUCINE","FILLE","2009","13.0"
"CLÉMENTINE","FILLE","2009","13.0"
"ELOÏSE","FILLE","2009","13.0"
"ELSA","FILLE","2009","13.0"
"GABRIELLE","FILLE","2009","13.0"
"JUSTINE","FILLE","2009","13.0"
"MAËLLE","FILLE","2009","13.0"
"OCÉANE","FILLE","2009","13.0"
"ZÉLIE","FILLE","2009","13.0"
"COLINE","FILLE","2009","12.0"
"GARANCE","FILLE","2009","12.0"
"LISE","FILLE","2009","12.0"
"MARIE","FILLE","2009","12.0"
"MATHILDE","FILLE","2009","12.0"
"TESS","FILLE","2009","12.0"
"YASMINE","FILLE","2009","12.0"
"ALICIA","FILLE","2009","11.0"
"ANGÈLE","FILLE","2009","11.0"
"EMILIE","FILLE","2009","11.0"
"ENORA","FILLE","2009","11.0"
"JULIA","FILLE","2009","11.0"
"MARINE","FILLE","2009","11.0"
"MÉLISSA","FILLE","2009","11.0"
"CONSTANCE","FILLE","2009","10.0"
"FLORA","FILLE","2009","10.0"
"MARION","FILLE","2009","10.0"
"MAYA","FILLE","2009","10.0"
"ANAËLLE","FILLE","2009","9.0"
"AYA","FILLE","2009","9.0"
"EMY","FILLE","2009","9.0"
"INAYA","FILLE","2009","9.0"
"JOSÉPHINE","FILLE","2009","9.0"
"LALIE","FILLE","2009","9.0"
"LAURA","FILLE","2009","9.0"
"LÉANE","FILLE","2009","9.0"
"MÉLINA","FILLE","2009","9.0"
"MÉLINE","FILLE","2009","9.0"
"ALBANE","FILLE","2009","8.0"
"CÉLESTE","FILLE","2009","8.0"
"IRIS","FILLE","2009","8.0"
"LYA","FILLE","2009","8.0"
"MARILOU","FILLE","2009","8.0"
"MIA","FILLE","2009","8.0"
"MORGANE","FILLE","2009","8.0"
"NORAH","FILLE","2009","8.0"
"VICTOIRE","FILLE","2009","8.0"
"ANISSA","FILLE","2009","7.0"
"APOLLINE","FILLE","2009","7.0"
"CLOÉ","FILLE","2009","7.0"
"EMMY","FILLE","2009","7.0"
"FANNY","FILLE","2009","7.0"
"LANA","FILLE","2009","7.0"
"LISON","FILLE","2009","7.0"
"LOU-ANN","FILLE","2009","7.0"
"LUCILE","FILLE","2009","7.0"
"MAÏWENN","FILLE","2009","7.0"
"SARA","FILLE","2009","7.0"
"SHAÏNA","FILLE","2009","7.0"
"ALYSSA","FILLE","2009","6.0"
"AURORE","FILLE","2009","6.0"
"CASSANDRE","FILLE","2009","6.0"
"CHARLINE","FILLE","2009","6.0"
"ELINA","FILLE","2009","6.0"
"ELINE","FILLE","2009","6.0"
"ELODIE","FILLE","2009","6.0"
"FLAVIE","FILLE","2009","6.0"
"LALY","FILLE","2009","6.0"
"LÉANA","FILLE","2009","6.0"
"LILI","FILLE","2009","6.0"
"LOUANN","FILLE","2009","6.0"
"LOUISA","FILLE","2009","6.0"
"MAËLIE","FILLE","2009","6.0"
"MANEL","FILLE","2009","6.0"
"MÉLANIE","FILLE","2009","6.0"
"NAOMI","FILLE","2009","6.0"
"NORA","FILLE","2009","6.0"
"OLIVIA","FILLE","2009","6.0"
"PALOMA","FILLE","2009","6.0"
"PHILOMÈNE","FILLE","2009","6.0"
"ROXANE","FILLE","2009","6.0"
"SHANA","FILLE","2009","6.0"
"VALENTINE","FILLE","2009","6.0"
"ZIA","FILLE","2009","6.0"
"LOUIS","GARCON","2009","62.0"
"LUCAS","GARCON","2009","61.0"
"JULES","GARCON","2009","57.0"
"GABRIEL","GARCON","2009","55.0"
"ENZO","GARCON","2009","54.0"
"ARTHUR","GARCON","2009","50.0"
"NATHAN","GARCON","2009","49.0"
"RAPHAËL","GARCON","2009","49.0"
"TITOUAN","GARCON","2009","49.0"
"NOAH","GARCON","2009","47.0"
"TOM","GARCON","2009","46.0"
"PAUL","GARCON","2009","45.0"
"CLÉMENT","GARCON","2009","43.0"
"LÉO","GARCON","2009","41.0"
"MATHIS","GARCON","2009","41.0"
"MAXIME","GARCON","2009","38.0"
"ALEXANDRE","GARCON","2009","36.0"
"MAXENCE","GARCON","2009","36.0"
"THÉO","GARCON","2009","36.0"
"ANTOINE","GARCON","2009","35.0"
"NOLAN","GARCON","2009","34.0"
"YANIS","GARCON","2009","34.0"
"AXEL","GARCON","2009","33.0"
"GABIN","GARCON","2009","32.0"
"HUGO","GARCON","2009","32.0"
"MAËL","GARCON","2009","32.0"
"ALEXIS","GARCON","2009","30.0"
"NOÉ","GARCON","2009","30.0"
"BAPTISTE","GARCON","2009","29.0"
"ETHAN","GARCON","2009","29.0"
"SIMON","GARCON","2009","29.0"
"EWEN","GARCON","2009","28.0"
"SACHA","GARCON","2009","28.0"
"VICTOR","GARCON","2009","28.0"
"EVAN","GARCON","2009","27.0"
"MARTIN","GARCON","2009","27.0"
"MATHÉO","GARCON","2009","27.0"
"MALO","GARCON","2009","26.0"
"ILAN","GARCON","2009","25.0"
"TIMÉO","GARCON","2009","25.0"
"ROMAIN","GARCON","2009","23.0"
"ADAM","GARCON","2009","22.0"
"GASPARD","GARCON","2009","21.0"
"QUENTIN","GARCON","2009","21.0"
"THOMAS","GARCON","2009","20.0"
"VALENTIN","GARCON","2009","20.0"
"ANTONIN","GARCON","2009","19.0"
"MARIUS","GARCON","2009","18.0"
"AARON","GARCON","2009","17.0"
"AUGUSTIN","GARCON","2009","16.0"
"CHARLIE","GARCON","2009","16.0"
"LIAM","GARCON","2009","16.0"
"MATHYS","GARCON","2009","16.0"
"NINO","GARCON","2009","16.0"
"SAMUEL","GARCON","2009","16.0"
"ESTEBAN","GARCON","2009","15.0"
"RAYAN","GARCON","2009","15.0"
"ELIOTT","GARCON","2009","14.0"
"NOA","GARCON","2009","14.0"
"OSCAR","GARCON","2009","14.0"
"PIERRE","GARCON","2009","14.0"
"KYLIAN","GARCON","2009","13.0"
"LENNY","GARCON","2009","13.0"
"LOUKA","GARCON","2009","13.0"
"TIMOTHÉE","GARCON","2009","13.0"
"TRISTAN","GARCON","2009","13.0"
"FÉLIX","GARCON","2009","12.0"
"JULIEN","GARCON","2009","12.0"
"KENZO","GARCON","2009","12.0"
"NOAM","GARCON","2009","12.0"
"NOLHAN","GARCON","2009","12.0"
"ROBIN","GARCON","2009","12.0"
"AMINE","GARCON","2009","11.0"
"BASILE","GARCON","2009","11.0"
"CORENTIN","GARCON","2009","11.0"
"ERWAN","GARCON","2009","11.0"
"ISAAC","GARCON","2009","11.0"
"LOAN","GARCON","2009","11.0"
"MILO","GARCON","2009","11.0"
"PABLO","GARCON","2009","11.0"
"SOAN","GARCON","2009","11.0"
"TIMOTHÉ","GARCON","2009","11.0"
"CÔME","GARCON","2009","10.0"
"DIEGO","GARCON","2009","10.0"
"DYLAN","GARCON","2009","10.0"
"ESTÉBAN","GARCON","2009","10.0"
"LUCA","GARCON","2009","10.0"
"LUKA","GARCON","2009","10.0"
"MATHIAS","GARCON","2009","10.0"
"AMAURY","GARCON","2009","9.0"
"ARMAND","GARCON","2009","9.0"
"BASTIEN","GARCON","2009","9.0"
"BENJAMIN","GARCON","2009","9.0"
"ELOUAN","GARCON","2009","9.0"
"LILIAN","GARCON","2009","9.0"
"MATHIEU","GARCON","2009","9.0"
"MATTÉO","GARCON","2009","9.0"
"MEHDI","GARCON","2009","9.0"
"MILAN","GARCON","2009","9.0"
"ACHILLE","GARCON","2009","8.0"
"ADRIEN","GARCON","2009","8.0"
"ANGELO","GARCON","2009","8.0"
"ELIOT","GARCON","2009","8.0"
"LÉANDRE","GARCON","2009","8.0"
"LÉON","GARCON","2009","8.0"
"MOHAMED","GARCON","2009","8.0"
"NATHANAËL","GARCON","2009","8.0"
"TÉO","GARCON","2009","8.0"
"THIBAULT","GARCON","2009","8.0"
"YANN","GARCON","2009","8.0"
"CHARLES","GARCON","2009","7.0"
"DAVID","GARCON","2009","7.0"
"EDGAR","GARCON","2009","7.0"
"EMILE","GARCON","2009","7.0"
"EWAN","GARCON","2009","7.0"
"HIPPOLYTE","GARCON","2009","7.0"
"JEAN","GARCON","2009","7.0"
"JULIAN","GARCON","2009","7.0"
"MARIN","GARCON","2009","7.0"
"PACÔME","GARCON","2009","7.0"
"SOHAN","GARCON","2009","7.0"
"SWANN","GARCON","2009","7.0"
"TEDDY","GARCON","2009","7.0"
"TIAGO","GARCON","2009","7.0"
"YAËL","GARCON","2009","7.0"
"ABEL","GARCON","2009","6.0"
"ANAËL","GARCON","2009","6.0"
"ANATOLE","GARCON","2009","6.0"
"AYMERIC","GARCON","2009","6.0"
"CAMILLE","GARCON","2009","6.0"
"ELIAS","GARCON","2009","6.0"
"EMILIEN","GARCON","2009","6.0"
"JONAS","GARCON","2009","6.0"
"JOSEPH","GARCON","2009","6.0"
"LÉOPOLD","GARCON","2009","6.0"
"LINO","GARCON","2009","6.0"
"LORENZO","GARCON","2009","6.0"
"LUCIEN","GARCON","2009","6.0"
"MAEL","GARCON","2009","6.0"
"MAX","GARCON","2009","6.0"
"OWEN","GARCON","2009","6.0"
"ROMÉO","GARCON","2009","6.0"
"SASHA","GARCON","2009","6.0"
"YASSINE","GARCON","2009","6.0"
"EMMA","FILLE","2008","58.0"
"MANON","FILLE","2008","57.0"
"LILOU","FILLE","2008","54.0"
"JADE","FILLE","2008","53.0"
"CAMILLE","FILLE","2008","52.0"
"LOUISE","FILLE","2008","49.0"
"ROMANE","FILLE","2008","46.0"
"ZOÉ","FILLE","2008","44.0"
"INÈS","FILLE","2008","42.0"
"CHLOÉ","FILLE","2008","41.0"
"JEANNE","FILLE","2008","41.0"
"CLARA","FILLE","2008","38.0"
"LÉA","FILLE","2008","38.0"
"LOLA","FILLE","2008","37.0"
"JULIETTE","FILLE","2008","35.0"
"LOU","FILLE","2008","35.0"
"SARAH","FILLE","2008","34.0"
"ANAÏS","FILLE","2008","33.0"
"MARGOT","FILLE","2008","33.0"
"ROSE","FILLE","2008","29.0"
"LOUNA","FILLE","2008","28.0"
"LILY","FILLE","2008","26.0"
"MATHILDE","FILLE","2008","26.0"
"ALICE","FILLE","2008","25.0"
"CLÉMENCE","FILLE","2008","25.0"
"JULIE","FILLE","2008","25.0"
"LUCIE","FILLE","2008","25.0"
"MAËLYS","FILLE","2008","25.0"
"CHARLOTTE","FILLE","2008","24.0"
"CAPUCINE","FILLE","2008","21.0"
"LISA","FILLE","2008","21.0"
"MARIE","FILLE","2008","21.0"
"FAUSTINE","FILLE","2008","20.0"
"ANNA","FILLE","2008","19.0"
"JUSTINE","FILLE","2008","19.0"
"NINA","FILLE","2008","19.0"
"AGATHE","FILLE","2008","18.0"
"EVA","FILLE","2008","18.0"
"LINA","FILLE","2008","18.0"
"LISE","FILLE","2008","18.0"
"NOÉMIE","FILLE","2008","18.0"
"SALOMÉ","FILLE","2008","18.0"
"AMBRE","FILLE","2008","17.0"
"LÉNA","FILLE","2008","17.0"
"LOUANE","FILLE","2008","17.0"
"ELSA","FILLE","2008","16.0"
"MAËLLE","FILLE","2008","16.0"
"LAURA","FILLE","2008","15.0"
"MARGAUX","FILLE","2008","15.0"
"MARION","FILLE","2008","15.0"
"MAYA","FILLE","2008","15.0"
"PAULINE","FILLE","2008","15.0"
"ALICIA","FILLE","2008","14.0"
"ALIX","FILLE","2008","14.0"
"ALYSSA","FILLE","2008","14.0"
"ELISA","FILLE","2008","14.0"
"LUNA","FILLE","2008","14.0"
"OCÉANE","FILLE","2008","14.0"
"ANOUK","FILLE","2008","13.0"
"APOLLINE","FILLE","2008","13.0"
"LÉONIE","FILLE","2008","13.0"
"MÉLISSA","FILLE","2008","13.0"
"ADÈLE","FILLE","2008","12.0"
"ENORA","FILLE","2008","12.0"
"CLÉMENTINE","FILLE","2008","11.0"
"EMILIE","FILLE","2008","11.0"
"LÉANE","FILLE","2008","11.0"
"MAËVA","FILLE","2008","11.0"
"MILA","FILLE","2008","11.0"
"SARA","FILLE","2008","11.0"
"CHARLINE","FILLE","2008","10.0"
"MÉLINE","FILLE","2008","10.0"
"MORGANE","FILLE","2008","10.0"
"NORAH","FILLE","2008","10.0"
"THAÏS","FILLE","2008","10.0"
"YUNA","FILLE","2008","10.0"
"CANDICE","FILLE","2008","9.0"
"CÉLIA","FILLE","2008","9.0"
"CLARISSE","FILLE","2008","9.0"
"CONSTANCE","FILLE","2008","9.0"
"HÉLOÏSE","FILLE","2008","9.0"
"INES","FILLE","2008","9.0"
"JULIA","FILLE","2008","9.0"
"LOUISA","FILLE","2008","9.0"
"NINON","FILLE","2008","9.0"
"TESSA","FILLE","2008","9.0"
"VALENTINE","FILLE","2008","9.0"
"VIOLETTE","FILLE","2008","9.0"
"ZÉLIE","FILLE","2008","9.0"
"ALBANE","FILLE","2008","8.0"
"AMANDINE","FILLE","2008","8.0"
"CLÉA","FILLE","2008","8.0"
"EMMY","FILLE","2008","8.0"
"GABRIELLE","FILLE","2008","8.0"
"LALIE","FILLE","2008","8.0"
"LILI","FILLE","2008","8.0"
"LOUANN","FILLE","2008","8.0"
"MARINE","FILLE","2008","8.0"
"PALOMA","FILLE","2008","8.0"
"ANAËLLE","FILLE","2008","7.0"
"ELINA","FILLE","2008","7.0"
"ELISE","FILLE","2008","7.0"
"LALY","FILLE","2008","7.0"
"LANA","FILLE","2008","7.0"
"LEÏLA","FILLE","2008","7.0"
"LOUANNE","FILLE","2008","7.0"
"LOUISON","FILLE","2008","7.0"
"MÉLINA","FILLE","2008","7.0"
"YASMINE","FILLE","2008","7.0"
"ARIANE","FILLE","2008","6.0"
"BLANCHE","FILLE","2008","6.0"
"CASSIE","FILLE","2008","6.0"
"ELÉA","FILLE","2008","6.0"
"ELÉONORE","FILLE","2008","6.0"
"ELOÏSE","FILLE","2008","6.0"
"HORTENSE","FILLE","2008","6.0"
"JOSÉPHINE","FILLE","2008","6.0"
"JUDITH","FILLE","2008","6.0"
"KENZA","FILLE","2008","6.0"
"LILA","FILLE","2008","6.0"
"LOU-ANNE","FILLE","2008","6.0"
"LUCILE","FILLE","2008","6.0"
"MAÏLYS","FILLE","2008","6.0"
"MARIA","FILLE","2008","6.0"
"PÉNÉLOPE","FILLE","2008","6.0"
"PRUNE","FILLE","2008","6.0"
"SOLINE","FILLE","2008","6.0"
"JULES","GARCON","2008","65.0"
"MATHIS","GARCON","2008","57.0"
"LOUIS","GARCON","2008","55.0"
"ENZO","GARCON","2008","54.0"
"NATHAN","GARCON","2008","53.0"
"ETHAN","GARCON","2008","46.0"
"LUCAS","GARCON","2008","46.0"
"TOM","GARCON","2008","43.0"
"CLÉMENT","GARCON","2008","42.0"
"NOAH","GARCON","2008","42.0"
"TITOUAN","GARCON","2008","41.0"
"ANTOINE","GARCON","2008","40.0"
"ARTHUR","GARCON","2008","40.0"
"TIMÉO","GARCON","2008","40.0"
"GABRIEL","GARCON","2008","38.0"
"HUGO","GARCON","2008","38.0"
"PAUL","GARCON","2008","35.0"
"THÉO","GARCON","2008","35.0"
"THOMAS","GARCON","2008","35.0"
"VICTOR","GARCON","2008","35.0"
"LÉO","GARCON","2008","33.0"
"QUENTIN","GARCON","2008","33.0"
"NOLAN","GARCON","2008","31.0"
"MAËL","GARCON","2008","30.0"
"YANIS","GARCON","2008","30.0"
"MAXIME","GARCON","2008","29.0"
"ALEXIS","GARCON","2008","28.0"
"AXEL","GARCON","2008","28.0"
"RAPHAËL","GARCON","2008","28.0"
"SACHA","GARCON","2008","28.0"
"EWEN","GARCON","2008","27.0"
"GABIN","GARCON","2008","27.0"
"MAXENCE","GARCON","2008","27.0"
"NOA","GARCON","2008","26.0"
"LENNY","GARCON","2008","25.0"
"PIERRE","GARCON","2008","25.0"
"SIMON","GARCON","2008","25.0"
"BAPTISTE","GARCON","2008","24.0"
"MATHÉO","GARCON","2008","24.0"
"NOÉ","GARCON","2008","24.0"
"ADAM","GARCON","2008","23.0"
"MARTIN","GARCON","2008","23.0"
"VALENTIN","GARCON","2008","23.0"
"ELIOTT","GARCON","2008","22.0"
"MARIUS","GARCON","2008","22.0"
"ROMAIN","GARCON","2008","22.0"
"ALEXANDRE","GARCON","2008","21.0"
"ILAN","GARCON","2008","21.0"
"MALO","GARCON","2008","21.0"
"BASTIEN","GARCON","2008","20.0"
"EVAN","GARCON","2008","20.0"
"ADRIEN","GARCON","2008","18.0"
"ANTONIN","GARCON","2008","18.0"
"SAMUEL","GARCON","2008","18.0"
"GASPARD","GARCON","2008","17.0"
"MATHYS","GARCON","2008","17.0"
"OSCAR","GARCON","2008","17.0"
"MATHIEU","GARCON","2008","16.0"
"NINO","GARCON","2008","16.0"
"ELOUAN","GARCON","2008","15.0"
"ESTEBAN","GARCON","2008","15.0"
"LORENZO","GARCON","2008","15.0"
"LOUKA","GARCON","2008","15.0"
"AARON","GARCON","2008","14.0"
"KYLIAN","GARCON","2008","14.0"
"BENJAMIN","GARCON","2008","13.0"
"CORENTIN","GARCON","2008","13.0"
"GUILLAUME","GARCON","2008","13.0"
"NICOLAS","GARCON","2008","13.0"
"TRISTAN","GARCON","2008","13.0"
"ALBAN","GARCON","2008","12.0"
"JULIEN","GARCON","2008","12.0"
"AMAURY","GARCON","2008","11.0"
"ERWAN","GARCON","2008","11.0"
"ISAAC","GARCON","2008","11.0"
"JEAN","GARCON","2008","11.0"
"TIMOTHÉ","GARCON","2008","11.0"
"ELIAS","GARCON","2008","10.0"
"KILLIAN","GARCON","2008","10.0"
"MOHAMED","GARCON","2008","10.0"
"ROBIN","GARCON","2008","10.0"
"TIMOTHÉE","GARCON","2008","10.0"
"ABEL","GARCON","2008","9.0"
"AMINE","GARCON","2008","9.0"
"CHARLY","GARCON","2008","9.0"
"DORIAN","GARCON","2008","9.0"
"ELIOT","GARCON","2008","9.0"
"LÉONARD","GARCON","2008","9.0"
"LIAM","GARCON","2008","9.0"
"LILIAN","GARCON","2008","9.0"
"LUCIEN","GARCON","2008","9.0"
"YANN","GARCON","2008","9.0"
"CÔME","GARCON","2008","8.0"
"DYLAN","GARCON","2008","8.0"
"EWAN","GARCON","2008","8.0"
"FÉLIX","GARCON","2008","8.0"
"ILHAN","GARCON","2008","8.0"
"LUKA","GARCON","2008","8.0"
"MATTHIEU","GARCON","2008","8.0"
"MAX","GARCON","2008","8.0"
"NATHAËL","GARCON","2008","8.0"
"RÉMI","GARCON","2008","8.0"
"WILLIAM","GARCON","2008","8.0"
"AURÉLIEN","GARCON","2008","7.0"
"CAMILLE","GARCON","2008","7.0"
"HIPPOLYTE","GARCON","2008","7.0"
"JOHAN","GARCON","2008","7.0"
"LOUISON","GARCON","2008","7.0"
"MARIN","GARCON","2008","7.0"
"MATTÉO","GARCON","2008","7.0"
"MEHDI","GARCON","2008","7.0"
"PACÔME","GARCON","2008","7.0"
"PAOLO","GARCON","2008","7.0"
"RAYAN","GARCON","2008","7.0"
"SASHA","GARCON","2008","7.0"
"ACHILLE","GARCON","2008","6.0"
"ALAN","GARCON","2008","6.0"
"AUBIN","GARCON","2008","6.0"
"AYMERIC","GARCON","2008","6.0"
"COLIN","GARCON","2008","6.0"
"DIEGO","GARCON","2008","6.0"
"EDGAR","GARCON","2008","6.0"
"ELIE","GARCON","2008","6.0"
"ERWANN","GARCON","2008","6.0"
"ESTÉBAN","GARCON","2008","6.0"
"ETIENNE","GARCON","2008","6.0"
"EVANN","GARCON","2008","6.0"
"JOSEPH","GARCON","2008","6.0"
"JULIAN","GARCON","2008","6.0"
"LÉANDRE","GARCON","2008","6.0"
"LINO","GARCON","2008","6.0"
"LUBIN","GARCON","2008","6.0"
"MAEL","GARCON","2008","6.0"
"MELVIN","GARCON","2008","6.0"
"MELVYN","GARCON","2008","6.0"
"MILO","GARCON","2008","6.0"
"NAËL","GARCON","2008","6.0"
"NOAM","GARCON","2008","6.0"
"SAMI","GARCON","2008","6.0"
"SWANN","GARCON","2008","6.0"
"EMMA","FILLE","2007","56.0"
"LÉA","FILLE","2007","49.0"
"CAMILLE","FILLE","2007","48.0"
"CLARA","FILLE","2007","48.0"
"JADE","FILLE","2007","47.0"
"LOUISE","FILLE","2007","45.0"
"SARAH","FILLE","2007","44.0"
"LILOU","FILLE","2007","43.0"
"ROMANE","FILLE","2007","42.0"
"JEANNE","FILLE","2007","41.0"
"LOLA","FILLE","2007","41.0"
"MANON","FILLE","2007","41.0"
"CHLOÉ","FILLE","2007","36.0"
"INÈS","FILLE","2007","34.0"
"ZOÉ","FILLE","2007","34.0"
"CLÉMENCE","FILLE","2007","32.0"
"EVA","FILLE","2007","32.0"
"MATHILDE","FILLE","2007","32.0"
"JULIETTE","FILLE","2007","30.0"
"LOUNA","FILLE","2007","30.0"
"MAËLYS","FILLE","2007","27.0"
"ROSE","FILLE","2007","27.0"
"LUCIE","FILLE","2007","25.0"
"MARIE","FILLE","2007","25.0"
"LAURA","FILLE","2007","24.0"
"PAULINE","FILLE","2007","24.0"
"ENORA","FILLE","2007","23.0"
"ANAÏS","FILLE","2007","22.0"
"CHARLOTTE","FILLE","2007","22.0"
"LÉONIE","FILLE","2007","22.0"
"ADÈLE","FILLE","2007","21.0"
"LOU","FILLE","2007","21.0"
"ALICE","FILLE","2007","20.0"
"ANNA","FILLE","2007","20.0"
"LÉNA","FILLE","2007","20.0"
"LISA","FILLE","2007","20.0"
"MARGAUX","FILLE","2007","20.0"
"OCÉANE","FILLE","2007","20.0"
"JUSTINE","FILLE","2007","18.0"
"LILY","FILLE","2007","18.0"
"CÉLIA","FILLE","2007","17.0"
"JULIE","FILLE","2007","17.0"
"AGATHE","FILLE","2007","16.0"
"SALOMÉ","FILLE","2007","16.0"
"MARION","FILLE","2007","15.0"
"LINA","FILLE","2007","14.0"
"MARGOT","FILLE","2007","14.0"
"MÉLISSA","FILLE","2007","14.0"
"AMBRE","FILLE","2007","13.0"
"APOLLINE","FILLE","2007","13.0"
"FAUSTINE","FILLE","2007","13.0"
"MAËLLE","FILLE","2007","13.0"
"MÉLINE","FILLE","2007","13.0"
"NOÉMIE","FILLE","2007","13.0"
"THAÏS","FILLE","2007","13.0"
"VALENTINE","FILLE","2007","13.0"
"AMANDINE","FILLE","2007","12.0"
"ANAËLLE","FILLE","2007","12.0"
"CAPUCINE","FILLE","2007","12.0"
"CARLA","FILLE","2007","12.0"
"ELISA","FILLE","2007","12.0"
"ELISE","FILLE","2007","12.0"
"ELSA","FILLE","2007","12.0"
"GABRIELLE","FILLE","2007","12.0"
"LOUANE","FILLE","2007","12.0"
"MARINE","FILLE","2007","12.0"
"EMILIE","FILLE","2007","11.0"
"MAËVA","FILLE","2007","11.0"
"NORAH","FILLE","2007","11.0"
"ALIX","FILLE","2007","10.0"
"ANAÉ","FILLE","2007","10.0"
"ELOÏSE","FILLE","2007","10.0"
"FANNY","FILLE","2007","10.0"
"LAURINE","FILLE","2007","10.0"
"LISE","FILLE","2007","10.0"
"ANGÈLE","FILLE","2007","9.0"
"CASSANDRA","FILLE","2007","9.0"
"CASSANDRE","FILLE","2007","9.0"
"CLÉMENTINE","FILLE","2007","9.0"
"HÉLOÏSE","FILLE","2007","9.0"
"JOSÉPHINE","FILLE","2007","9.0"
"KATELL","FILLE","2007","9.0"
"MAÏA","FILLE","2007","9.0"
"MAYA","FILLE","2007","9.0"
"NINA","FILLE","2007","9.0"
"YOUNA","FILLE","2007","9.0"
"ZÉLIE","FILLE","2007","9.0"
"ALICIA","FILLE","2007","8.0"
"CANDICE","FILLE","2007","8.0"
"CLÉA","FILLE","2007","8.0"
"COLINE","FILLE","2007","8.0"
"ELINA","FILLE","2007","8.0"
"JULIA","FILLE","2007","8.0"
"LISON","FILLE","2007","8.0"
"LUCILE","FILLE","2007","8.0"
"MAÏWENN","FILLE","2007","8.0"
"MÉLINA","FILLE","2007","8.0"
"MONA","FILLE","2007","8.0"
"NORA","FILLE","2007","8.0"
"ORLANE","FILLE","2007","8.0"
"SARA","FILLE","2007","8.0"
"COLOMBE","FILLE","2007","7.0"
"FLORE","FILLE","2007","7.0"
"NINON","FILLE","2007","7.0"
"SUZANNE","FILLE","2007","7.0"
"TESS","FILLE","2007","7.0"
"THALIA","FILLE","2007","7.0"
"VICTORIA","FILLE","2007","7.0"
"YASMINE","FILLE","2007","7.0"
"ALBANE","FILLE","2007","6.0"
"ALEXANDRA","FILLE","2007","6.0"
"ARWEN","FILLE","2007","6.0"
"CÉLESTE","FILLE","2007","6.0"
"CHARLINE","FILLE","2007","6.0"
"CLARISSE","FILLE","2007","6.0"
"CONSTANCE","FILLE","2007","6.0"
"DIANE","FILLE","2007","6.0"
"ELÉA","FILLE","2007","6.0"
"EMMY","FILLE","2007","6.0"
"FLORA","FILLE","2007","6.0"
"GARANCE","FILLE","2007","6.0"
"ILONA","FILLE","2007","6.0"
"KENZA","FILLE","2007","6.0"
"LUNA","FILLE","2007","6.0"
"MAYLIS","FILLE","2007","6.0"
"MÉLANIE","FILLE","2007","6.0"
"MORGANE","FILLE","2007","6.0"
"NOA","FILLE","2007","6.0"
"SHANA","FILLE","2007","6.0"
"SOLÈNE","FILLE","2007","6.0"
"SOLINE","FILLE","2007","6.0"
"LOUIS","GARCON","2007","67.0"
"LUCAS","GARCON","2007","67.0"
"ENZO","GARCON","2007","63.0"
"NATHAN","GARCON","2007","62.0"
"ARTHUR","GARCON","2007","61.0"
"JULES","GARCON","2007","55.0"
"PAUL","GARCON","2007","48.0"
"CLÉMENT","GARCON","2007","46.0"
"LÉO","GARCON","2007","43.0"
"HUGO","GARCON","2007","42.0"
"MATHIS","GARCON","2007","42.0"
"MATHÉO","GARCON","2007","41.0"
"TOM","GARCON","2007","41.0"
"ALEXANDRE","GARCON","2007","40.0"
"THÉO","GARCON","2007","38.0"
"ANTOINE","GARCON","2007","37.0"
"TITOUAN","GARCON","2007","34.0"
"ETHAN","GARCON","2007","33.0"
"NOAH","GARCON","2007","32.0"
"TIMÉO","GARCON","2007","32.0"
"ALEXIS","GARCON","2007","31.0"
"BAPTISTE","GARCON","2007","31.0"
"THOMAS","GARCON","2007","31.0"
"EVAN","GARCON","2007","30.0"
"MAXENCE","GARCON","2007","30.0"
"QUENTIN","GARCON","2007","30.0"
"NOÉ","GARCON","2007","29.0"
"PIERRE","GARCON","2007","29.0"
"RAPHAËL","GARCON","2007","29.0"
"VICTOR","GARCON","2007","29.0"
"AXEL","GARCON","2007","28.0"
"EWEN","GARCON","2007","28.0"
"MAËL","GARCON","2007","28.0"
"VALENTIN","GARCON","2007","28.0"
"SIMON","GARCON","2007","27.0"
"YANIS","GARCON","2007","27.0"
"MARTIN","GARCON","2007","26.0"
"MAXIME","GARCON","2007","26.0"
"SACHA","GARCON","2007","26.0"
"NOLAN","GARCON","2007","25.0"
"GABRIEL","GARCON","2007","24.0"
"MALO","GARCON","2007","23.0"
"MARIUS","GARCON","2007","22.0"
"NOA","GARCON","2007","22.0"
"BENJAMIN","GARCON","2007","21.0"
"DORIAN","GARCON","2007","21.0"
"ROMAIN","GARCON","2007","21.0"
"ELOUAN","GARCON","2007","19.0"
"GABIN","GARCON","2007","19.0"
"OSCAR","GARCON","2007","19.0"
"LENNY","GARCON","2007","18.0"
"LILIAN","GARCON","2007","18.0"
"MATHYS","GARCON","2007","18.0"
"ADRIEN","GARCON","2007","17.0"
"ELIOTT","GARCON","2007","15.0"
"NICOLAS","GARCON","2007","15.0"
"SAMUEL","GARCON","2007","15.0"
"TRISTAN","GARCON","2007","15.0"
"ELIOT","GARCON","2007","14.0"
"GASPARD","GARCON","2007","14.0"
"ILAN","GARCON","2007","14.0"
"KYLIAN","GARCON","2007","14.0"
"CORENTIN","GARCON","2007","13.0"
"DYLAN","GARCON","2007","13.0"
"ESTEBAN","GARCON","2007","13.0"
"ADAM","GARCON","2007","12.0"
"FLORIAN","GARCON","2007","12.0"
"JULIEN","GARCON","2007","12.0"
"LORENZO","GARCON","2007","12.0"
"MATTÉO","GARCON","2007","12.0"
"THIBAULT","GARCON","2007","12.0"
"ALBAN","GARCON","2007","11.0"
"ANATOLE","GARCON","2007","11.0"
"ANTONIN","GARCON","2007","11.0"
"ARMAND","GARCON","2007","11.0"
"EDGAR","GARCON","2007","11.0"
"NINO","GARCON","2007","11.0"
"CAMILLE","GARCON","2007","10.0"
"JEAN","GARCON","2007","10.0"
"KENZO","GARCON","2007","10.0"
"NAËL","GARCON","2007","10.0"
"TIMOTHÉ","GARCON","2007","10.0"
"WILLIAM","GARCON","2007","10.0"
"JUSTIN","GARCON","2007","9.0"
"LOUKA","GARCON","2007","9.0"
"MATHIAS","GARCON","2007","9.0"
"NOLANN","GARCON","2007","9.0"
"RAYAN","GARCON","2007","9.0"
"ROBIN","GARCON","2007","9.0"
"RUBEN","GARCON","2007","9.0"
"AARON","GARCON","2007","8.0"
"BASTIEN","GARCON","2007","8.0"
"CHARLY","GARCON","2007","8.0"
"DIEGO","GARCON","2007","8.0"
"ERWAN","GARCON","2007","8.0"
"KILLIAN","GARCON","2007","8.0"
"LÉON","GARCON","2007","8.0"
"LIAM","GARCON","2007","8.0"
"MARIN","GARCON","2007","8.0"
"MATÉO","GARCON","2007","8.0"
"MATHIEU","GARCON","2007","8.0"
"MELVYN","GARCON","2007","8.0"
"MILAN","GARCON","2007","8.0"
"MOHAMED","GARCON","2007","8.0"
"ROMAN","GARCON","2007","8.0"
"ALAN","GARCON","2007","7.0"
"AMAURY","GARCON","2007","7.0"
"AMINE","GARCON","2007","7.0"
"AUGUSTIN","GARCON","2007","7.0"
"CHARLES","GARCON","2007","7.0"
"CYPRIEN","GARCON","2007","7.0"
"DAMIEN","GARCON","2007","7.0"
"EVANN","GARCON","2007","7.0"
"EWAN","GARCON","2007","7.0"
"GUILLAUME","GARCON","2007","7.0"
"ISAAC","GARCON","2007","7.0"
"JOSEPH","GARCON","2007","7.0"
"LUCIEN","GARCON","2007","7.0"
"MALONE","GARCON","2007","7.0"
"MATTHIEU","GARCON","2007","7.0"
"NOAM","GARCON","2007","7.0"
"OWEN","GARCON","2007","7.0"
"RÉMI","GARCON","2007","7.0"
"SWANN","GARCON","2007","7.0"
"TEDDY","GARCON","2007","7.0"
"CÔME","GARCON","2007","6.0"
"ELIE","GARCON","2007","6.0"
"ELLIOT","GARCON","2007","6.0"
"EMILIEN","GARCON","2007","6.0"
"ISMAËL","GARCON","2007","6.0"
"KILIAN","GARCON","2007","6.0"
"LORIS","GARCON","2007","6.0"
"MERLIN","GARCON","2007","6.0"
"MORGAN","GARCON","2007","6.0"
"NILS","GARCON","2007","6.0"
"NOHAM","GARCON","2007","6.0"
"PABLO","GARCON","2007","6.0"
"SASHA","GARCON","2007","6.0"
"TÉO","GARCON","2007","6.0"
"ULYSSE","GARCON","2007","6.0"
"YANNIS","GARCON","2007","6.0"
"YOUNES","GARCON","2007","6.0"
"EMMA","FILLE","2006","59.0"
"CAMILLE","FILLE","2006","56.0"
"MANON","FILLE","2006","54.0"
"CLARA","FILLE","2006","53.0"
"ZOÉ","FILLE","2006","45.0"
"LÉA","FILLE","2006","43.0"
"JADE","FILLE","2006","42.0"
"LOUISE","FILLE","2006","42.0"
"LOLA","FILLE","2006","41.0"
"CHLOÉ","FILLE","2006","40.0"
"JEANNE","FILLE","2006","40.0"
"JULIETTE","FILLE","2006","39.0"
"ROMANE","FILLE","2006","38.0"
"SARAH","FILLE","2006","38.0"
"ANAÏS","FILLE","2006","37.0"
"LILOU","FILLE","2006","35.0"
"LÉNA","FILLE","2006","34.0"
"INÈS","FILLE","2006","33.0"
"MARIE","FILLE","2006","30.0"
"LOUNA","FILLE","2006","29.0"
"PAULINE","FILLE","2006","29.0"
"CHARLOTTE","FILLE","2006","28.0"
"CLÉMENCE","FILLE","2006","28.0"
"AMBRE","FILLE","2006","27.0"
"JULIE","FILLE","2006","27.0"
"LISA","FILLE","2006","27.0"
"ANNA","FILLE","2006","26.0"
"LUCIE","FILLE","2006","25.0"
"EVA","FILLE","2006","23.0"
"MAËLYS","FILLE","2006","23.0"
"ALICE","FILLE","2006","22.0"
"CÉLIA","FILLE","2006","22.0"
"MATHILDE","FILLE","2006","20.0"
"CAPUCINE","FILLE","2006","18.0"
"ELISE","FILLE","2006","18.0"
"NINA","FILLE","2006","18.0"
"NOÉMIE","FILLE","2006","18.0"
"AGATHE","FILLE","2006","17.0"
"MARGOT","FILLE","2006","17.0"
"ROSE","FILLE","2006","17.0"
"ENORA","FILLE","2006","16.0"
"LOU","FILLE","2006","16.0"
"LAURA","FILLE","2006","15.0"
"LÉONIE","FILLE","2006","15.0"
"MAËVA","FILLE","2006","15.0"
"OCÉANE","FILLE","2006","15.0"
"ANGÈLE","FILLE","2006","14.0"
"EMILIE","FILLE","2006","14.0"
"MARGAUX","FILLE","2006","14.0"
"LILA","FILLE","2006","13.0"
"MARION","FILLE","2006","13.0"
"MAYA","FILLE","2006","13.0"
"MÉLINE","FILLE","2006","13.0"
"MÉLISSA","FILLE","2006","13.0"
"NINON","FILLE","2006","13.0"
"SALOMÉ","FILLE","2006","13.0"
"ADÈLE","FILLE","2006","12.0"
"CLÉMENTINE","FILLE","2006","12.0"
"JUSTINE","FILLE","2006","12.0"
"FAUSTINE","FILLE","2006","11.0"
"LUCILE","FILLE","2006","11.0"
"LUNA","FILLE","2006","11.0"
"MAÏWENN","FILLE","2006","11.0"
"ALIX","FILLE","2006","10.0"
"AMÉLIE","FILLE","2006","10.0"
"BLANCHE","FILLE","2006","10.0"
"CARLA","FILLE","2006","10.0"
"ELISA","FILLE","2006","10.0"
"FLAVIE","FILLE","2006","10.0"
"JULIA","FILLE","2006","10.0"
"LÉANE","FILLE","2006","10.0"
"LISE","FILLE","2006","10.0"
"LOUANE","FILLE","2006","10.0"
"NORAH","FILLE","2006","10.0"
"ANAËLLE","FILLE","2006","9.0"
"ANOUK","FILLE","2006","9.0"
"GARANCE","FILLE","2006","9.0"
"LILY","FILLE","2006","9.0"
"LISON","FILLE","2006","9.0"
"MAËLLE","FILLE","2006","9.0"
"MARINE","FILLE","2006","9.0"
"VALENTINE","FILLE","2006","9.0"
"ALICIA","FILLE","2006","8.0"
"AMANDINE","FILLE","2006","8.0"
"AXELLE","FILLE","2006","8.0"
"CHARLINE","FILLE","2006","8.0"
"CLARISSE","FILLE","2006","8.0"
"ELENA","FILLE","2006","8.0"
"MÉLINA","FILLE","2006","8.0"
"ALBANE","FILLE","2006","7.0"
"ALEXIA","FILLE","2006","7.0"
"CANDICE","FILLE","2006","7.0"
"CASSANDRE","FILLE","2006","7.0"
"CLOÉ","FILLE","2006","7.0"
"COLINE","FILLE","2006","7.0"
"CONSTANCE","FILLE","2006","7.0"
"DAPHNÉ","FILLE","2006","7.0"
"ELOÏSE","FILLE","2006","7.0"
"ELSA","FILLE","2006","7.0"
"ILONA","FILLE","2006","7.0"
"LINA","FILLE","2006","7.0"
"LOANE","FILLE","2006","7.0"
"LOUANNE","FILLE","2006","7.0"
"MAÏLYS","FILLE","2006","7.0"
"SOLENN","FILLE","2006","7.0"
"THAÏS","FILLE","2006","7.0"
"ALYCIA","FILLE","2006","6.0"
"AUDREY","FILLE","2006","6.0"
"ELINA","FILLE","2006","6.0"
"GABRIELLE","FILLE","2006","6.0"
"JASMINE","FILLE","2006","6.0"
"LAURINE","FILLE","2006","6.0"
"LEELOU","FILLE","2006","6.0"
"LOU-ANN","FILLE","2006","6.0"
"LOUISA","FILLE","2006","6.0"
"MORGANE","FILLE","2006","6.0"
"NORA","FILLE","2006","6.0"
"PRUNE","FILLE","2006","6.0"
"VICTORIA","FILLE","2006","6.0"
"VIOLETTE","FILLE","2006","6.0"
"LUCAS","GARCON","2006","65.0"
"ARTHUR","GARCON","2006","55.0"
"NATHAN","GARCON","2006","54.0"
"ENZO","GARCON","2006","51.0"
"TITOUAN","GARCON","2006","51.0"
"LOUIS","GARCON","2006","49.0"
"MATHIS","GARCON","2006","49.0"
"CLÉMENT","GARCON","2006","44.0"
"HUGO","GARCON","2006","42.0"
"JULES","GARCON","2006","42.0"
"THOMAS","GARCON","2006","42.0"
"YANIS","GARCON","2006","38.0"
"ALEXANDRE","GARCON","2006","37.0"
"ANTOINE","GARCON","2006","37.0"
"QUENTIN","GARCON","2006","37.0"
"TOM","GARCON","2006","37.0"
"ETHAN","GARCON","2006","35.0"
"MAXIME","GARCON","2006","35.0"
"PAUL","GARCON","2006","35.0"
"AXEL","GARCON","2006","34.0"
"VICTOR","GARCON","2006","34.0"
"GABRIEL","GARCON","2006","33.0"
"EVAN","GARCON","2006","31.0"
"NOAH","GARCON","2006","31.0"
"SIMON","GARCON","2006","31.0"
"MALO","GARCON","2006","30.0"
"MATHÉO","GARCON","2006","30.0"
"NOÉ","GARCON","2006","30.0"
"PIERRE","GARCON","2006","30.0"
"THÉO","GARCON","2006","30.0"
"ALEXIS","GARCON","2006","29.0"
"SACHA","GARCON","2006","29.0"
"MAXENCE","GARCON","2006","28.0"
"GABIN","GARCON","2006","27.0"
"MARTIN","GARCON","2006","27.0"
"VALENTIN","GARCON","2006","27.0"
"LÉO","GARCON","2006","26.0"
"NOLAN","GARCON","2006","26.0"
"ROMAIN","GARCON","2006","24.0"
"MAËL","GARCON","2006","23.0"
"RAPHAËL","GARCON","2006","23.0"
"BAPTISTE","GARCON","2006","22.0"
"MARIUS","GARCON","2006","21.0"
"LENNY","GARCON","2006","19.0"
"TIMÉO","GARCON","2006","19.0"
"BENJAMIN","GARCON","2006","18.0"
"DORIAN","GARCON","2006","18.0"
"KYLIAN","GARCON","2006","18.0"
"SAMUEL","GARCON","2006","18.0"
"EWEN","GARCON","2006","17.0"
"NICOLAS","GARCON","2006","17.0"
"NOA","GARCON","2006","17.0"
"RAYAN","GARCON","2006","17.0"
"TRISTAN","GARCON","2006","17.0"
"ANTONIN","GARCON","2006","16.0"
"CORENTIN","GARCON","2006","16.0"
"ELIOTT","GARCON","2006","16.0"
"ELOUAN","GARCON","2006","16.0"
"JULIEN","GARCON","2006","16.0"
"DYLAN","GARCON","2006","14.0"
"GASPARD","GARCON","2006","14.0"
"ILAN","GARCON","2006","14.0"
"TIMOTHÉ","GARCON","2006","14.0"
"ADRIEN","GARCON","2006","13.0"
"BASTIEN","GARCON","2006","13.0"
"FLORIAN","GARCON","2006","13.0"
"LILIAN","GARCON","2006","13.0"
"MATHIEU","GARCON","2006","13.0"
"MATTÉO","GARCON","2006","13.0"
"PABLO","GARCON","2006","13.0"
"ADAM","GARCON","2006","12.0"
"ERWAN","GARCON","2006","12.0"
"LORENZO","GARCON","2006","12.0"
"OWEN","GARCON","2006","12.0"
"ELIOT","GARCON","2006","11.0"
"EVANN","GARCON","2006","11.0"
"KÉVIN","GARCON","2006","11.0"
"MATHYS","GARCON","2006","11.0"
"NOLANN","GARCON","2006","11.0"
"TIMOTHÉE","GARCON","2006","11.0"
"ANATOLE","GARCON","2006","10.0"
"ELIE","GARCON","2006","10.0"
"HIPPOLYTE","GARCON","2006","10.0"
"LIAM","GARCON","2006","10.0"
"ANGELO","GARCON","2006","9.0"
"DIEGO","GARCON","2006","9.0"
"FÉLIX","GARCON","2006","9.0"
"JOHAN","GARCON","2006","9.0"
"MATHIAS","GARCON","2006","9.0"
"MELVIN","GARCON","2006","9.0"
"MOHAMED","GARCON","2006","9.0"
"OSCAR","GARCON","2006","9.0"
"AMAURY","GARCON","2006","8.0"
"ARMAND","GARCON","2006","8.0"
"DAVID","GARCON","2006","8.0"
"ELLIOT","GARCON","2006","8.0"
"EMILIEN","GARCON","2006","8.0"
"ESTEBAN","GARCON","2006","8.0"
"EWAN","GARCON","2006","8.0"
"JASON","GARCON","2006","8.0"
"JEAN","GARCON","2006","8.0"
"JÉRÉMY","GARCON","2006","8.0"
"KENZO","GARCON","2006","8.0"
"KILLIAN","GARCON","2006","8.0"
"MATÉO","GARCON","2006","8.0"
"MATTHIEU","GARCON","2006","8.0"
"NINO","GARCON","2006","8.0"
"NOAM","GARCON","2006","8.0"
"TIAGO","GARCON","2006","8.0"
"AMINE","GARCON","2006","7.0"
"AURÉLIEN","GARCON","2006","7.0"
"CÔME","GARCON","2006","7.0"
"DAMIEN","GARCON","2006","7.0"
"ETIENNE","GARCON","2006","7.0"
"JOSHUA","GARCON","2006","7.0"
"JULIAN","GARCON","2006","7.0"
"MATIS","GARCON","2006","7.0"
"ROBIN","GARCON","2006","7.0"
"THIBAULT","GARCON","2006","7.0"
"YANN","GARCON","2006","7.0"
"ALBAN","GARCON","2006","6.0"
"ARSÈNE","GARCON","2006","6.0"
"EDGAR","GARCON","2006","6.0"
"EDOUARD","GARCON","2006","6.0"
"JIMMY","GARCON","2006","6.0"
"JORDAN","GARCON","2006","6.0"
"KYLLIAN","GARCON","2006","6.0"
"MARIN","GARCON","2006","6.0"
"MERLIN","GARCON","2006","6.0"
"NAËL","GARCON","2006","6.0"
"RÉMI","GARCON","2006","6.0"
"RUBEN","GARCON","2006","6.0"
"SASHA","GARCON","2006","6.0"
"SOLAL","GARCON","2006","6.0"
"EMMA","FILLE","2005","64.0"
"CLARA","FILLE","2005","53.0"
"LÉA","FILLE","2005","50.0"
"MANON","FILLE","2005","49.0"
"CAMILLE","FILLE","2005","47.0"
"CHLOÉ","FILLE","2005","46.0"
"ROMANE","FILLE","2005","45.0"
"LUCIE","FILLE","2005","44.0"
"INÈS","FILLE","2005","42.0"
"JEANNE","FILLE","2005","42.0"
"LOUISE","FILLE","2005","41.0"
"JADE","FILLE","2005","39.0"
"MARIE","FILLE","2005","37.0"
"SARAH","FILLE","2005","37.0"
"LILOU","FILLE","2005","35.0"
"ANAÏS","FILLE","2005","31.0"
"EVA","FILLE","2005","31.0"
"JULIETTE","FILLE","2005","31.0"
"MATHILDE","FILLE","2005","29.0"
"LÉNA","FILLE","2005","28.0"
"LOLA","FILLE","2005","28.0"
"CLÉMENCE","FILLE","2005","26.0"
"ZOÉ","FILLE","2005","26.0"
"JULIE","FILLE","2005","25.0"
"NOÉMIE","FILLE","2005","25.0"
"LAURA","FILLE","2005","24.0"
"ALICE","FILLE","2005","23.0"
"OCÉANE","FILLE","2005","23.0"
"ELISA","FILLE","2005","22.0"
"MAËLLE","FILLE","2005","22.0"
"LÉONIE","FILLE","2005","21.0"
"LOU","FILLE","2005","21.0"
"PAULINE","FILLE","2005","21.0"
"MAËLYS","FILLE","2005","20.0"
"NINA","FILLE","2005","20.0"
"AMBRE","FILLE","2005","19.0"
"CANDICE","FILLE","2005","19.0"
"AGATHE","FILLE","2005","18.0"
"ANNA","FILLE","2005","18.0"
"CHARLOTTE","FILLE","2005","18.0"
"ENORA","FILLE","2005","18.0"
"LOUNA","FILLE","2005","18.0"
"MARION","FILLE","2005","18.0"
"ILONA","FILLE","2005","17.0"
"MARINE","FILLE","2005","17.0"
"MÉLISSA","FILLE","2005","16.0"
"MARGOT","FILLE","2005","15.0"
"SALOMÉ","FILLE","2005","15.0"
"AMANDINE","FILLE","2005","14.0"
"MARGAUX","FILLE","2005","14.0"
"ADÈLE","FILLE","2005","13.0"
"ALICIA","FILLE","2005","13.0"
"AXELLE","FILLE","2005","13.0"
"ELISE","FILLE","2005","13.0"
"EMILIE","FILLE","2005","13.0"
"MAËVA","FILLE","2005","13.0"
"ROSE","FILLE","2005","13.0"
"CARLA","FILLE","2005","12.0"
"CLARISSE","FILLE","2005","12.0"
"LISA","FILLE","2005","12.0"
"CÉLIA","FILLE","2005","11.0"
"CLÉMENTINE","FILLE","2005","11.0"
"JUSTINE","FILLE","2005","11.0"
"LILY","FILLE","2005","11.0"
"LINA","FILLE","2005","11.0"
"LUNA","FILLE","2005","11.0"
"ELOÏSE","FILLE","2005","10.0"
"FANNY","FILLE","2005","10.0"
"LILA","FILLE","2005","10.0"
"MAYA","FILLE","2005","10.0"
"MORGANE","FILLE","2005","10.0"
"SOLÈNE","FILLE","2005","10.0"
"AURORE","FILLE","2005","9.0"
"CAPUCINE","FILLE","2005","9.0"
"CLOÉ","FILLE","2005","9.0"
"ELSA","FILLE","2005","9.0"
"GABRIELLE","FILLE","2005","9.0"
"LAURINE","FILLE","2005","9.0"
"LOANE","FILLE","2005","9.0"
"MAÏLYS","FILLE","2005","9.0"
"NINON","FILLE","2005","9.0"
"NOA","FILLE","2005","9.0"
"ANOUK","FILLE","2005","8.0"
"COLINE","FILLE","2005","8.0"
"ELÉA","FILLE","2005","8.0"
"EMELINE","FILLE","2005","8.0"
"JOSÉPHINE","FILLE","2005","8.0"
"LANA","FILLE","2005","8.0"
"MAÏWENN","FILLE","2005","8.0"
"MÉLINA","FILLE","2005","8.0"
"NORA","FILLE","2005","8.0"
"PALOMA","FILLE","2005","8.0"
"SARA","FILLE","2005","8.0"
"THAÏS","FILLE","2005","8.0"
"ALIX","FILLE","2005","7.0"
"ANAËLLE","FILLE","2005","7.0"
"ANGÈLE","FILLE","2005","7.0"
"ELINA","FILLE","2005","7.0"
"FAUSTINE","FILLE","2005","7.0"
"LEÏLA","FILLE","2005","7.0"
"LISE","FILLE","2005","7.0"
"LISON","FILLE","2005","7.0"
"LOU-ANNE","FILLE","2005","7.0"
"AUDREY","FILLE","2005","6.0"
"BLANCHE","FILLE","2005","6.0"
"CASSANDRA","FILLE","2005","6.0"
"CASSANDRE","FILLE","2005","6.0"
"CLAIRE","FILLE","2005","6.0"
"FLAVIE","FILLE","2005","6.0"
"FLORA","FILLE","2005","6.0"
"GLADYS","FILLE","2005","6.0"
"HÉLOÏSE","FILLE","2005","6.0"
"INES","FILLE","2005","6.0"
"JULIA","FILLE","2005","6.0"
"LALIE","FILLE","2005","6.0"
"LÉANE","FILLE","2005","6.0"
"LILI","FILLE","2005","6.0"
"LOUANE","FILLE","2005","6.0"
"LOUANN","FILLE","2005","6.0"
"MAÏNA","FILLE","2005","6.0"
"MÉLINE","FILLE","2005","6.0"
"MILA","FILLE","2005","6.0"
"NAOMI","FILLE","2005","6.0"
"ROXANE","FILLE","2005","6.0"
"SALMA","FILLE","2005","6.0"
"SIDONIE","FILLE","2005","6.0"
"TESS","FILLE","2005","6.0"
"VALENTINE","FILLE","2005","6.0"
"ENZO","GARCON","2005","69.0"
"MATHIS","GARCON","2005","62.0"
"NATHAN","GARCON","2005","58.0"
"THOMAS","GARCON","2005","56.0"
"HUGO","GARCON","2005","54.0"
"PAUL","GARCON","2005","49.0"
"ARTHUR","GARCON","2005","48.0"
"BAPTISTE","GARCON","2005","47.0"
"CLÉMENT","GARCON","2005","46.0"
"THÉO","GARCON","2005","44.0"
"LUCAS","GARCON","2005","43.0"
"ANTOINE","GARCON","2005","41.0"
"TOM","GARCON","2005","41.0"
"JULES","GARCON","2005","39.0"
"LOUIS","GARCON","2005","39.0"
"NOAH","GARCON","2005","39.0"
"PIERRE","GARCON","2005","37.0"
"LÉO","GARCON","2005","36.0"
"ALEXIS","GARCON","2005","34.0"
"SACHA","GARCON","2005","33.0"
"MAXIME","GARCON","2005","32.0"
"RAPHAËL","GARCON","2005","30.0"
"MATHÉO","GARCON","2005","29.0"
"ALEXANDRE","GARCON","2005","28.0"
"MAËL","GARCON","2005","28.0"
"TITOUAN","GARCON","2005","28.0"
"MAXENCE","GARCON","2005","27.0"
"ROMAIN","GARCON","2005","27.0"
"EVAN","GARCON","2005","26.0"
"VICTOR","GARCON","2005","26.0"
"NOLAN","GARCON","2005","25.0"
"VALENTIN","GARCON","2005","25.0"
"MARTIN","GARCON","2005","24.0"
"AXEL","GARCON","2005","23.0"
"MALO","GARCON","2005","23.0"
"NOA","GARCON","2005","23.0"
"SIMON","GARCON","2005","22.0"
"GABRIEL","GARCON","2005","21.0"
"NOÉ","GARCON","2005","21.0"
"QUENTIN","GARCON","2005","21.0"
"YANIS","GARCON","2005","21.0"
"MATHIEU","GARCON","2005","20.0"
"ADRIEN","GARCON","2005","19.0"
"CORENTIN","GARCON","2005","19.0"
"EWEN","GARCON","2005","19.0"
"MARIUS","GARCON","2005","19.0"
"ELIOTT","GARCON","2005","17.0"
"MATTÉO","GARCON","2005","17.0"
"TIMÉO","GARCON","2005","17.0"
"ETHAN","GARCON","2005","16.0"
"FÉLIX","GARCON","2005","16.0"
"GABIN","GARCON","2005","16.0"
"GASPARD","GARCON","2005","16.0"
"KILLIAN","GARCON","2005","16.0"
"KYLIAN","GARCON","2005","16.0"
"BASTIEN","GARCON","2005","15.0"
"DYLAN","GARCON","2005","15.0"
"JULIEN","GARCON","2005","15.0"
"BENJAMIN","GARCON","2005","14.0"
"ESTEBAN","GARCON","2005","13.0"
"LENNY","GARCON","2005","13.0"
"MATTHIEU","GARCON","2005","13.0"
"MOHAMED","GARCON","2005","13.0"
"DORIAN","GARCON","2005","12.0"
"ERWAN","GARCON","2005","12.0"
"GUILLAUME","GARCON","2005","12.0"
"KILIAN","GARCON","2005","12.0"
"MATHYS","GARCON","2005","12.0"
"NICOLAS","GARCON","2005","11.0"
"SAMUEL","GARCON","2005","11.0"
"ADAM","GARCON","2005","10.0"
"ALBAN","GARCON","2005","10.0"
"ANTONIN","GARCON","2005","10.0"
"FLORIAN","GARCON","2005","10.0"
"LILIAN","GARCON","2005","10.0"
"TRISTAN","GARCON","2005","10.0"
"ALEX","GARCON","2005","9.0"
"ANATOLE","GARCON","2005","9.0"
"CYPRIEN","GARCON","2005","9.0"
"ETIENNE","GARCON","2005","9.0"
"EWAN","GARCON","2005","9.0"
"NOLANN","GARCON","2005","9.0"
"OSCAR","GARCON","2005","9.0"
"ROBIN","GARCON","2005","9.0"
"THIBAULT","GARCON","2005","9.0"
"WILLIAM","GARCON","2005","9.0"
"ALAN","GARCON","2005","8.0"
"ELOUAN","GARCON","2005","8.0"
"ERWANN","GARCON","2005","8.0"
"JÉRÉMY","GARCON","2005","8.0"
"JOSEPH","GARCON","2005","8.0"
"KÉVIN","GARCON","2005","8.0"
"MATÉO","GARCON","2005","8.0"
"NINO","GARCON","2005","8.0"
"RAYAN","GARCON","2005","8.0"
"TIMOTHÉE","GARCON","2005","8.0"
"ARMAND","GARCON","2005","7.0"
"AUGUSTIN","GARCON","2005","7.0"
"AURÉLIEN","GARCON","2005","7.0"
"BASILE","GARCON","2005","7.0"
"BILAL","GARCON","2005","7.0"
"DAMIEN","GARCON","2005","7.0"
"LOUISON","GARCON","2005","7.0"
"MATHIAS","GARCON","2005","7.0"
"PABLO","GARCON","2005","7.0"
"TÉO","GARCON","2005","7.0"
"AMINE","GARCON","2005","6.0"
"ANTHONY","GARCON","2005","6.0"
"CÔME","GARCON","2005","6.0"
"ELIAS","GARCON","2005","6.0"
"ELIE","GARCON","2005","6.0"
"EMILIEN","GARCON","2005","6.0"
"HECTOR","GARCON","2005","6.0"
"ILAN","GARCON","2005","6.0"
"JASON","GARCON","2005","6.0"
"JEAN","GARCON","2005","6.0"
"JOHAN","GARCON","2005","6.0"
"JORDAN","GARCON","2005","6.0"
"LUCIEN","GARCON","2005","6.0"
"LUKAS","GARCON","2005","6.0"
"MEHDI","GARCON","2005","6.0"
"MICKAËL","GARCON","2005","6.0"
"NELSON","GARCON","2005","6.0"
"NOAM","GARCON","2005","6.0"
"RAFAËL","GARCON","2005","6.0"
"TANGUY","GARCON","2005","6.0"
"TONY","GARCON","2005","6.0"
"ULYSSE","GARCON","2005","6.0"
"YACINE","GARCON","2005","6.0"
"MANON","FILLE","2004","53.0"
"EMMA","FILLE","2004","40.0"
"LÉA","FILLE","2004","39.0"
"CAMILLE","FILLE","2004","36.0"
"INÈS","FILLE","2004","34.0"
"SARAH","FILLE","2004","34.0"
"LOUISE","FILLE","2004","32.0"
"CHLOÉ","FILLE","2004","30.0"
"LILOU","FILLE","2004","30.0"
"JULIETTE","FILLE","2004","27.0"
"MARIE","FILLE","2004","27.0"
"JADE","FILLE","2004","26.0"
"LUCIE","FILLE","2004","26.0"
"JULIE","FILLE","2004","23.0"
"OCÉANE","FILLE","2004","23.0"
"LISA","FILLE","2004","22.0"
"MATHILDE","FILLE","2004","22.0"
"LAURA","FILLE","2004","21.0"
"LOLA","FILLE","2004","21.0"
"ROMANE","FILLE","2004","21.0"
"ANAÏS","FILLE","2004","20.0"
"EVA","FILLE","2004","20.0"
"JEANNE","FILLE","2004","20.0"
"MARINE","FILLE","2004","20.0"
"PAULINE","FILLE","2004","19.0"
"ZOÉ","FILLE","2004","19.0"
"ALICE","FILLE","2004","18.0"
"LÉNA","FILLE","2004","18.0"
"CHARLOTTE","FILLE","2004","17.0"
"LOU","FILLE","2004","17.0"
"CLARA","FILLE","2004","16.0"
"ELISE","FILLE","2004","16.0"
"JUSTINE","FILLE","2004","16.0"
"NOÉMIE","FILLE","2004","16.0"
"LOUNA","FILLE","2004","15.0"
"MARION","FILLE","2004","15.0"
"ADÈLE","FILLE","2004","14.0"
"CARLA","FILLE","2004","14.0"
"LUNA","FILLE","2004","14.0"
"MAËLLE","FILLE","2004","14.0"
"MAËLYS","FILLE","2004","14.0"
"MAËVA","FILLE","2004","14.0"
"SALOMÉ","FILLE","2004","14.0"
"ALICIA","FILLE","2004","13.0"
"CLÉMENCE","FILLE","2004","13.0"
"AGATHE","FILLE","2004","12.0"
"CÉLIA","FILLE","2004","12.0"
"ILONA","FILLE","2004","12.0"
"MARGOT","FILLE","2004","12.0"
"MORGANE","FILLE","2004","12.0"
"CANDICE","FILLE","2004","11.0"
"ENORA","FILLE","2004","11.0"
"LÉONIE","FILLE","2004","10.0"
"LINA","FILLE","2004","10.0"
"AMANDINE","FILLE","2004","9.0"
"AMBRE","FILLE","2004","9.0"
"AXELLE","FILLE","2004","9.0"
"CLÉMENTINE","FILLE","2004","9.0"
"DAPHNÉ","FILLE","2004","9.0"
"ELISA","FILLE","2004","9.0"
"ELSA","FILLE","2004","9.0"
"EMILIE","FILLE","2004","9.0"
"JOSÉPHINE","FILLE","2004","9.0"
"MARGAUX","FILLE","2004","9.0"
"MÉLISSA","FILLE","2004","9.0"
"NINA","FILLE","2004","9.0"
"CLARISSE","FILLE","2004","8.0"
"CORALIE","FILLE","2004","8.0"
"MAÏWENN","FILLE","2004","8.0"
"NOA","FILLE","2004","8.0"
"ROSE","FILLE","2004","8.0"
"TIPHAINE","FILLE","2004","8.0"
"ANAËLLE","FILLE","2004","7.0"
"CASSANDRA","FILLE","2004","7.0"
"COLINE","FILLE","2004","7.0"
"CONSTANCE","FILLE","2004","7.0"
"EMELINE","FILLE","2004","7.0"
"FANNY","FILLE","2004","7.0"
"FLORA","FILLE","2004","7.0"
"HÉLOÏSE","FILLE","2004","7.0"
"LOU-ANN","FILLE","2004","7.0"
"LOUANNE","FILLE","2004","7.0"
"LUDIVINE","FILLE","2004","7.0"
"MÉLANIE","FILLE","2004","7.0"
"ORLANE","FILLE","2004","7.0"
"SOLENN","FILLE","2004","7.0"
"VICTORIA","FILLE","2004","7.0"
"YASMINE","FILLE","2004","7.0"
"ANNA","FILLE","2004","6.0"
"ANOUK","FILLE","2004","6.0"
"CAPUCINE","FILLE","2004","6.0"
"CASSANDRE","FILLE","2004","6.0"
"CLAIRE","FILLE","2004","6.0"
"FLAVIE","FILLE","2004","6.0"
"LOUANN","FILLE","2004","6.0"
"NINON","FILLE","2004","6.0"
"PERRINE","FILLE","2004","6.0"
"VALENTINE","FILLE","2004","6.0"
"VICTOIRE","FILLE","2004","6.0"
"MATHIS","GARCON","2004","56.0"
"ENZO","GARCON","2004","45.0"
"THOMAS","GARCON","2004","45.0"
"NATHAN","GARCON","2004","44.0"
"TOM","GARCON","2004","43.0"
"LOUIS","GARCON","2004","40.0"
"ANTOINE","GARCON","2004","38.0"
"HUGO","GARCON","2004","38.0"
"ALEXANDRE","GARCON","2004","36.0"
"ARTHUR","GARCON","2004","36.0"
"MATHÉO","GARCON","2004","34.0"
"QUENTIN","GARCON","2004","34.0"
"ALEXIS","GARCON","2004","31.0"
"LUCAS","GARCON","2004","31.0"
"THÉO","GARCON","2004","31.0"
"BAPTISTE","GARCON","2004","30.0"
"JULES","GARCON","2004","30.0"
"CLÉMENT","GARCON","2004","29.0"
"LÉO","GARCON","2004","29.0"
"PAUL","GARCON","2004","29.0"
"TITOUAN","GARCON","2004","29.0"
"PIERRE","GARCON","2004","28.0"
"AXEL","GARCON","2004","27.0"
"SIMON","GARCON","2004","27.0"
"MAËL","GARCON","2004","26.0"
"MAXIME","GARCON","2004","25.0"
"NOAH","GARCON","2004","24.0"
"BENJAMIN","GARCON","2004","23.0"
"VICTOR","GARCON","2004","22.0"
"MALO","GARCON","2004","21.0"
"MAXENCE","GARCON","2004","21.0"
"ROMAIN","GARCON","2004","21.0"
"MATHIEU","GARCON","2004","20.0"
"CORENTIN","GARCON","2004","19.0"
"JULIEN","GARCON","2004","18.0"
"MATTÉO","GARCON","2004","18.0"
"NICOLAS","GARCON","2004","18.0"
"DORIAN","GARCON","2004","17.0"
"ELOUAN","GARCON","2004","17.0"
"EVAN","GARCON","2004","17.0"
"YANIS","GARCON","2004","17.0"
"BASTIEN","GARCON","2004","16.0"
"FLORIAN","GARCON","2004","16.0"
"GABRIEL","GARCON","2004","16.0"
"RAPHAËL","GARCON","2004","16.0"
"TRISTAN","GARCON","2004","16.0"
"ANTONIN","GARCON","2004","15.0"
"DYLAN","GARCON","2004","15.0"
"EWEN","GARCON","2004","15.0"
"SACHA","GARCON","2004","15.0"
"VALENTIN","GARCON","2004","15.0"
"ERWAN","GARCON","2004","14.0"
"KYLIAN","GARCON","2004","14.0"
"MATHIAS","GARCON","2004","14.0"
"NOÉ","GARCON","2004","14.0"
"ADRIEN","GARCON","2004","13.0"
"GABIN","GARCON","2004","13.0"
"SAMUEL","GARCON","2004","13.0"
"LILIAN","GARCON","2004","12.0"
"MATHYS","GARCON","2004","11.0"
"BASILE","GARCON","2004","10.0"
"CHARLES","GARCON","2004","10.0"
"ESTEBAN","GARCON","2004","10.0"
"LENNY","GARCON","2004","10.0"
"LORENZO","GARCON","2004","10.0"
"MARIUS","GARCON","2004","10.0"
"NOA","GARCON","2004","10.0"
"OSCAR","GARCON","2004","10.0"
"WILLIAM","GARCON","2004","10.0"
"ADAM","GARCON","2004","9.0"
"BRYAN","GARCON","2004","9.0"
"ETHAN","GARCON","2004","9.0"
"FÉLIX","GARCON","2004","9.0"
"KILLIAN","GARCON","2004","9.0"
"DAVID","GARCON","2004","8.0"
"ELIOTT","GARCON","2004","8.0"
"FRANÇOIS","GARCON","2004","8.0"
"GASPARD","GARCON","2004","8.0"
"JORDAN","GARCON","2004","8.0"
"MARTIN","GARCON","2004","8.0"
"MATIS","GARCON","2004","8.0"
"MATTHIEU","GARCON","2004","8.0"
"NOLAN","GARCON","2004","8.0"
"THIBAULT","GARCON","2004","8.0"
"TIMOTHÉE","GARCON","2004","8.0"
"YANN","GARCON","2004","8.0"
"AURÉLIEN","GARCON","2004","7.0"
"EWAN","GARCON","2004","7.0"
"KENZO","GARCON","2004","7.0"
"KILIAN","GARCON","2004","7.0"
"MELVIN","GARCON","2004","7.0"
"ROBIN","GARCON","2004","7.0"
"ARNAUD","GARCON","2004","6.0"
"CÔME","GARCON","2004","6.0"
"CYPRIEN","GARCON","2004","6.0"
"DIEGO","GARCON","2004","6.0"
"GUILLAUME","GARCON","2004","6.0"
"HIPPOLYTE","GARCON","2004","6.0"
"KÉVIN","GARCON","2004","6.0"
"KYLLIAN","GARCON","2004","6.0"
"MATTEO","GARCON","2004","6.0"
"NINO","GARCON","2004","6.0"
"RYAN","GARCON","2004","6.0"
"TEDDY","GARCON","2004","6.0"
"MANON","FILLE","2003","50.0"
"EMMA","FILLE","2003","46.0"
"CAMILLE","FILLE","2003","37.0"
"CHLOÉ","FILLE","2003","33.0"
"LÉA","FILLE","2003","32.0"
"ANAÏS","FILLE","2003","30.0"
"MARIE","FILLE","2003","30.0"
"CLARA","FILLE","2003","29.0"
"INÈS","FILLE","2003","28.0"
"JULIETTE","FILLE","2003","28.0"
"LOUISE","FILLE","2003","28.0"
"SARAH","FILLE","2003","25.0"
"LOLA","FILLE","2003","22.0"
"PAULINE","FILLE","2003","22.0"
"EVA","FILLE","2003","21.0"
"MARINE","FILLE","2003","21.0"
"ROMANE","FILLE","2003","21.0"
"LISA","FILLE","2003","20.0"
"OCÉANE","FILLE","2003","20.0"
"JADE","FILLE","2003","18.0"
"NINA","FILLE","2003","18.0"
"ALICE","FILLE","2003","17.0"
"JEANNE","FILLE","2003","17.0"
"MARGAUX","FILLE","2003","17.0"
"MATHILDE","FILLE","2003","17.0"
"LUCIE","FILLE","2003","16.0"
"AMANDINE","FILLE","2003","15.0"
"JULIE","FILLE","2003","15.0"
"ZOÉ","FILLE","2003","15.0"
"LOU","FILLE","2003","14.0"
"MAËLYS","FILLE","2003","14.0"
"NOÉMIE","FILLE","2003","14.0"
"CHARLOTTE","FILLE","2003","13.0"
"CLÉMENCE","FILLE","2003","13.0"
"MAËVA","FILLE","2003","13.0"
"ILONA","FILLE","2003","12.0"
"JUSTINE","FILLE","2003","12.0"
"MAËLLE","FILLE","2003","12.0"
"AMBRE","FILLE","2003","11.0"
"AMÉLIE","FILLE","2003","11.0"
"EMILIE","FILLE","2003","11.0"
"ENORA","FILLE","2003","11.0"
"LAURA","FILLE","2003","11.0"
"MARION","FILLE","2003","11.0"
"AGATHE","FILLE","2003","10.0"
"ALICIA","FILLE","2003","10.0"
"ELISA","FILLE","2003","10.0"
"FANNY","FILLE","2003","10.0"
"LÉNA","FILLE","2003","10.0"
"AXELLE","FILLE","2003","9.0"
"CARLA","FILLE","2003","9.0"
"LAURINE","FILLE","2003","9.0"
"MARGOT","FILLE","2003","9.0"
"ANNA","FILLE","2003","8.0"
"CAPUCINE","FILLE","2003","8.0"
"CLARISSE","FILLE","2003","8.0"
"ELOÏSE","FILLE","2003","8.0"
"LILOU","FILLE","2003","8.0"
"LOUANE","FILLE","2003","8.0"
"MÉLISSA","FILLE","2003","8.0"
"BÉRÉNICE","FILLE","2003","7.0"
"CLÉMENTINE","FILLE","2003","7.0"
"FAUSTINE","FILLE","2003","7.0"
"FIONA","FILLE","2003","7.0"
"FLAVIE","FILLE","2003","7.0"
"GARANCE","FILLE","2003","7.0"
"LOUNA","FILLE","2003","7.0"
"LUDIVINE","FILLE","2003","7.0"
"NOLWENN","FILLE","2003","7.0"
"SARA","FILLE","2003","7.0"
"SOLÈNE","FILLE","2003","7.0"
"VALENTINE","FILLE","2003","7.0"
"ALEXIA","FILLE","2003","6.0"
"ALIX","FILLE","2003","6.0"
"AMINA","FILLE","2003","6.0"
"ANAËLLE","FILLE","2003","6.0"
"ANGÈLE","FILLE","2003","6.0"
"AUDREY","FILLE","2003","6.0"
"CORALIE","FILLE","2003","6.0"
"ELISE","FILLE","2003","6.0"
"ELODIE","FILLE","2003","6.0"
"LÉONIE","FILLE","2003","6.0"
"LILA","FILLE","2003","6.0"
"LUNA","FILLE","2003","6.0"
"MARINA","FILLE","2003","6.0"
"ORLANE","FILLE","2003","6.0"
"SALOMÉ","FILLE","2003","6.0"
"SAMANTHA","FILLE","2003","6.0"
"THOMAS","GARCON","2003","48.0"
"NATHAN","GARCON","2003","40.0"
"ENZO","GARCON","2003","39.0"
"THÉO","GARCON","2003","39.0"
"MATHIS","GARCON","2003","38.0"
"CLÉMENT","GARCON","2003","37.0"
"LUCAS","GARCON","2003","37.0"
"HUGO","GARCON","2003","35.0"
"QUENTIN","GARCON","2003","34.0"
"ANTOINE","GARCON","2003","33.0"
"BAPTISTE","GARCON","2003","30.0"
"ARTHUR","GARCON","2003","29.0"
"PIERRE","GARCON","2003","27.0"
"LÉO","GARCON","2003","26.0"
"TITOUAN","GARCON","2003","26.0"
"ANTONIN","GARCON","2003","25.0"
"LOUIS","GARCON","2003","25.0"
"MAXIME","GARCON","2003","25.0"
"CORENTIN","GARCON","2003","24.0"
"JULES","GARCON","2003","24.0"
"ROMAIN","GARCON","2003","24.0"
"TOM","GARCON","2003","24.0"
"ALEXANDRE","GARCON","2003","23.0"
"ALEXIS","GARCON","2003","23.0"
"AXEL","GARCON","2003","23.0"
"MARTIN","GARCON","2003","22.0"
"SIMON","GARCON","2003","22.0"
"TRISTAN","GARCON","2003","21.0"
"NICOLAS","GARCON","2003","20.0"
"PAUL","GARCON","2003","19.0"
"VALENTIN","GARCON","2003","19.0"
"VICTOR","GARCON","2003","19.0"
"JULIEN","GARCON","2003","18.0"
"MAXENCE","GARCON","2003","16.0"
"NOAH","GARCON","2003","16.0"
"RAPHAËL","GARCON","2003","16.0"
"DYLAN","GARCON","2003","15.0"
"MATTÉO","GARCON","2003","15.0"
"BENJAMIN","GARCON","2003","14.0"
"DORIAN","GARCON","2003","14.0"
"KYLIAN","GARCON","2003","14.0"
"KILLIAN","GARCON","2003","13.0"
"KYLLIAN","GARCON","2003","13.0"
"NOA","GARCON","2003","13.0"
"ETHAN","GARCON","2003","12.0"
"MATÉO","GARCON","2003","12.0"
"BASTIEN","GARCON","2003","11.0"
"EVAN","GARCON","2003","11.0"
"JEAN","GARCON","2003","11.0"
"KÉVIN","GARCON","2003","11.0"
"LOGAN","GARCON","2003","11.0"
"MATHÉO","GARCON","2003","11.0"
"MATHIEU","GARCON","2003","11.0"
"FLORIAN","GARCON","2003","10.0"
"JÉRÉMY","GARCON","2003","10.0"
"MATTHIEU","GARCON","2003","10.0"
"SAMUEL","GARCON","2003","10.0"
"GABIN","GARCON","2003","9.0"
"GABRIEL","GARCON","2003","9.0"
"LORENZO","GARCON","2003","9.0"
"MAËL","GARCON","2003","9.0"
"NOÉ","GARCON","2003","9.0"
"VINCENT","GARCON","2003","9.0"
"YANIS","GARCON","2003","9.0"
"DAVID","GARCON","2003","8.0"
"ERWAN","GARCON","2003","8.0"
"EWEN","GARCON","2003","8.0"
"GIOVANNI","GARCON","2003","8.0"
"MATHYS","GARCON","2003","8.0"
"NOLAN","GARCON","2003","8.0"
"TANGUY","GARCON","2003","8.0"
"YANN","GARCON","2003","8.0"
"ANGELO","GARCON","2003","7.0"
"ARMAND","GARCON","2003","7.0"
"ELOUAN","GARCON","2003","7.0"
"ESTEBAN","GARCON","2003","7.0"
"GAËTAN","GARCON","2003","7.0"
"KILIAN","GARCON","2003","7.0"
"LILIAN","GARCON","2003","7.0"
"MALO","GARCON","2003","7.0"
"MARC","GARCON","2003","7.0"
"MOHAMED","GARCON","2003","7.0"
"RYAN","GARCON","2003","7.0"
"ADRIEN","GARCON","2003","6.0"
"ALAN","GARCON","2003","6.0"
"ARNAUD","GARCON","2003","6.0"
"BRYAN","GARCON","2003","6.0"
"CHRISTOPHER","GARCON","2003","6.0"
"ELIOT","GARCON","2003","6.0"
"GUILLAUME","GARCON","2003","6.0"
"JASON","GARCON","2003","6.0"
"JONATHAN","GARCON","2003","6.0"
"LENNY","GARCON","2003","6.0"
"MORGAN","GARCON","2003","6.0"
"SACHA","GARCON","2003","6.0"
"MANON","FILLE","2002","67.0"
"LÉA","FILLE","2002","59.0"
"EMMA","FILLE","2002","58.0"
"CAMILLE","FILLE","2002","48.0"
"CHLOÉ","FILLE","2002","40.0"
"SARAH","FILLE","2002","37.0"
"LISA","FILLE","2002","33.0"
"MATHILDE","FILLE","2002","33.0"
"ANAÏS","FILLE","2002","32.0"
"CLARA","FILLE","2002","32.0"
"MARIE","FILLE","2002","31.0"
"PAULINE","FILLE","2002","31.0"
"EVA","FILLE","2002","30.0"
"LOUISE","FILLE","2002","30.0"
"MARINE","FILLE","2002","28.0"
"JULIE","FILLE","2002","27.0"
"JULIETTE","FILLE","2002","27.0"
"LAURA","FILLE","2002","27.0"
"OCÉANE","FILLE","2002","26.0"
"LUCIE","FILLE","2002","24.0"
"JADE","FILLE","2002","23.0"
"LOLA","FILLE","2002","23.0"
"ALICE","FILLE","2002","22.0"
"CHARLOTTE","FILLE","2002","21.0"
"CLÉMENCE","FILLE","2002","21.0"
"JEANNE","FILLE","2002","21.0"
"JUSTINE","FILLE","2002","21.0"
"FLAVIE","FILLE","2002","19.0"
"INÈS","FILLE","2002","19.0"
"MARGAUX","FILLE","2002","19.0"
"LÉNA","FILLE","2002","18.0"
"MAËLLE","FILLE","2002","18.0"
"MÉLISSA","FILLE","2002","18.0"
"ELISA","FILLE","2002","17.0"
"MARGOT","FILLE","2002","17.0"
"ROMANE","FILLE","2002","17.0"
"AMANDINE","FILLE","2002","16.0"
"AMÉLIE","FILLE","2002","16.0"
"CLÉMENTINE","FILLE","2002","15.0"
"ELISE","FILLE","2002","15.0"
"MAËVA","FILLE","2002","15.0"
"ALICIA","FILLE","2002","14.0"
"EMILIE","FILLE","2002","14.0"
"LOU","FILLE","2002","14.0"
"NOLWENN","FILLE","2002","14.0"
"ZOÉ","FILLE","2002","14.0"
"ENORA","FILLE","2002","13.0"
"NOÉMIE","FILLE","2002","13.0"
"MARION","FILLE","2002","12.0"
"SALOMÉ","FILLE","2002","12.0"
"VALENTINE","FILLE","2002","12.0"
"AGATHE","FILLE","2002","11.0"
"CARLA","FILLE","2002","11.0"
"LÉONIE","FILLE","2002","11.0"
"LILOU","FILLE","2002","11.0"
"ANNA","FILLE","2002","10.0"
"CLARISSE","FILLE","2002","10.0"
"COLINE","FILLE","2002","10.0"
"CONSTANCE","FILLE","2002","10.0"
"CORALIE","FILLE","2002","10.0"
"ELODIE","FILLE","2002","10.0"
"LINA","FILLE","2002","10.0"
"LUNA","FILLE","2002","9.0"
"MORGANE","FILLE","2002","9.0"
"NINA","FILLE","2002","9.0"
"SARA","FILLE","2002","9.0"
"ALIX","FILLE","2002","8.0"
"ALYSSA","FILLE","2002","8.0"
"AMBRE","FILLE","2002","8.0"
"ANDRÉA","FILLE","2002","8.0"
"AXELLE","FILLE","2002","8.0"
"EMELINE","FILLE","2002","8.0"
"LISE","FILLE","2002","8.0"
"ALEXANDRA","FILLE","2002","7.0"
"ANAËLLE","FILLE","2002","7.0"
"APOLLINE","FILLE","2002","7.0"
"CAPUCINE","FILLE","2002","7.0"
"FLORA","FILLE","2002","7.0"
"HORTENSE","FILLE","2002","7.0"
"LAURYNE","FILLE","2002","7.0"
"LOU-ANN","FILLE","2002","7.0"
"MAËLYS","FILLE","2002","7.0"
"MAÉVA","FILLE","2002","7.0"
"ROSE","FILLE","2002","7.0"
"VICTOIRE","FILLE","2002","7.0"
"VIOLETTE","FILLE","2002","7.0"
"ADÈLE","FILLE","2002","6.0"
"ANGÈLE","FILLE","2002","6.0"
"AUDREY","FILLE","2002","6.0"
"CHARLINE","FILLE","2002","6.0"
"CLAIRE","FILLE","2002","6.0"
"CYNTHIA","FILLE","2002","6.0"
"DOMITILLE","FILLE","2002","6.0"
"ELOÏSE","FILLE","2002","6.0"
"ENOLA","FILLE","2002","6.0"
"FAUSTINE","FILLE","2002","6.0"
"HÉLOÏSE","FILLE","2002","6.0"
"JESSICA","FILLE","2002","6.0"
"JOSÉPHINE","FILLE","2002","6.0"
"LAURINE","FILLE","2002","6.0"
"LOU-ANNE","FILLE","2002","6.0"
"SOPHIE","FILLE","2002","6.0"
"THOMAS","GARCON","2002","50.0"
"CLÉMENT","GARCON","2002","48.0"
"HUGO","GARCON","2002","48.0"
"LUCAS","GARCON","2002","48.0"
"ENZO","GARCON","2002","46.0"
"QUENTIN","GARCON","2002","45.0"
"ALEXANDRE","GARCON","2002","42.0"
"MATHIS","GARCON","2002","42.0"
"THÉO","GARCON","2002","41.0"
"LOUIS","GARCON","2002","40.0"
"MAXIME","GARCON","2002","38.0"
"ROMAIN","GARCON","2002","38.0"
"ANTOINE","GARCON","2002","35.0"
"LÉO","GARCON","2002","33.0"
"NATHAN","GARCON","2002","33.0"
"ALEXIS","GARCON","2002","32.0"
"BAPTISTE","GARCON","2002","32.0"
"PAUL","GARCON","2002","32.0"
"PIERRE","GARCON","2002","32.0"
"SIMON","GARCON","2002","32.0"
"VALENTIN","GARCON","2002","32.0"
"AXEL","GARCON","2002","31.0"
"NICOLAS","GARCON","2002","31.0"
"TOM","GARCON","2002","31.0"
"MAËL","GARCON","2002","30.0"
"CORENTIN","GARCON","2002","29.0"
"JULIEN","GARCON","2002","29.0"
"TITOUAN","GARCON","2002","27.0"
"ARTHUR","GARCON","2002","26.0"
"VICTOR","GARCON","2002","26.0"
"MATHÉO","GARCON","2002","25.0"
"MARTIN","GARCON","2002","20.0"
"MAXENCE","GARCON","2002","20.0"
"KILLIAN","GARCON","2002","19.0"
"ADRIEN","GARCON","2002","18.0"
"DYLAN","GARCON","2002","18.0"
"ERWAN","GARCON","2002","18.0"
"JULES","GARCON","2002","18.0"
"MATÉO","GARCON","2002","18.0"
"SAMUEL","GARCON","2002","18.0"
"BENJAMIN","GARCON","2002","16.0"
"FLORIAN","GARCON","2002","15.0"
"BASTIEN","GARCON","2002","14.0"
"GUILLAUME","GARCON","2002","14.0"
"JÉRÉMY","GARCON","2002","14.0"
"YANIS","GARCON","2002","14.0"
"EVAN","GARCON","2002","13.0"
"GABRIEL","GARCON","2002","13.0"
"MATTHIEU","GARCON","2002","13.0"
"NOÉ","GARCON","2002","13.0"
"ANTONIN","GARCON","2002","12.0"
"DORIAN","GARCON","2002","12.0"
"JORDAN","GARCON","2002","12.0"
"MATHIEU","GARCON","2002","12.0"
"MATTÉO","GARCON","2002","12.0"
"ALAN","GARCON","2002","11.0"
"LOGAN","GARCON","2002","11.0"
"ALEX","GARCON","2002","10.0"
"ANTHONY","GARCON","2002","10.0"
"DAMIEN","GARCON","2002","10.0"
"ETIENNE","GARCON","2002","10.0"
"LILIAN","GARCON","2002","10.0"
"VINCENT","GARCON","2002","10.0"
"EMILIEN","GARCON","2002","9.0"
"MATHYS","GARCON","2002","9.0"
"MEHDI","GARCON","2002","9.0"
"NOAH","GARCON","2002","9.0"
"RAPHAËL","GARCON","2002","9.0"
"WILLIAM","GARCON","2002","9.0"
"BRICE","GARCON","2002","8.0"
"DAVID","GARCON","2002","8.0"
"KEVIN","GARCON","2002","8.0"
"KILIAN","GARCON","2002","8.0"
"KYLIAN","GARCON","2002","8.0"
"MOHAMED","GARCON","2002","8.0"
"RYAN","GARCON","2002","8.0"
"STEVEN","GARCON","2002","8.0"
"THIBAULT","GARCON","2002","8.0"
"AURÉLIEN","GARCON","2002","7.0"
"AYMERIC","GARCON","2002","7.0"
"ESTEBAN","GARCON","2002","7.0"
"EWEN","GARCON","2002","7.0"
"GWENDAL","GARCON","2002","7.0"
"MALO","GARCON","2002","7.0"
"NOLAN","GARCON","2002","7.0"
"PABLO","GARCON","2002","7.0"
"ROBIN","GARCON","2002","7.0"
"SÉBASTIEN","GARCON","2002","7.0"
"TRISTAN","GARCON","2002","7.0"
"AMAURY","GARCON","2002","6.0"
"ARNAUD","GARCON","2002","6.0"
"AUGUSTIN","GARCON","2002","6.0"
"CAMILLE","GARCON","2002","6.0"
"EMILE","GARCON","2002","6.0"
"ERWANN","GARCON","2002","6.0"
"ESTÉBAN","GARCON","2002","6.0"
"FÉLIX","GARCON","2002","6.0"
"GABIN","GARCON","2002","6.0"
"JEAN","GARCON","2002","6.0"
"KÉVIN","GARCON","2002","6.0"
"LIAM","GARCON","2002","6.0"
"LORENZO","GARCON","2002","6.0"
"MARIUS","GARCON","2002","6.0"
"NELSON","GARCON","2002","6.0"
"TÉO","GARCON","2002","6.0"
"THIBAUT","GARCON","2002","6.0"
"UGO","GARCON","2002","6.0"
"LÉA","FILLE","2001","91.0"
"MANON","FILLE","2001","73.0"
"CHLOÉ","FILLE","2001","66.0"
"CAMILLE","FILLE","2001","63.0"
"EMMA","FILLE","2001","63.0"
"MARIE","FILLE","2001","49.0"
"MATHILDE","FILLE","2001","49.0"
"SARAH","FILLE","2001","46.0"
"OCÉANE","FILLE","2001","44.0"
"CLÉMENCE","FILLE","2001","42.0"
"MARINE","FILLE","2001","41.0"
"CLARA","FILLE","2001","39.0"
"LOUISE","FILLE","2001","35.0"
"JULIE","FILLE","2001","33.0"
"CHARLOTTE","FILLE","2001","32.0"
"LUCIE","FILLE","2001","32.0"
"PAULINE","FILLE","2001","32.0"
"JULIETTE","FILLE","2001","30.0"
"ANAÏS","FILLE","2001","29.0"
"JEANNE","FILLE","2001","29.0"
"INÈS","FILLE","2001","28.0"
"EVA","FILLE","2001","25.0"
"LAURA","FILLE","2001","24.0"
"MAËVA","FILLE","2001","24.0"
"ALICE","FILLE","2001","23.0"
"JUSTINE","FILLE","2001","23.0"
"LOLA","FILLE","2001","23.0"
"MORGANE","FILLE","2001","23.0"
"EMILIE","FILLE","2001","22.0"
"FLAVIE","FILLE","2001","22.0"
"ZOÉ","FILLE","2001","22.0"
"NOÉMIE","FILLE","2001","21.0"
"ELISE","FILLE","2001","20.0"
"MAËLLE","FILLE","2001","20.0"
"MARGAUX","FILLE","2001","20.0"
"MARION","FILLE","2001","20.0"
"AMANDINE","FILLE","2001","19.0"
"MARGOT","FILLE","2001","19.0"
"AUDREY","FILLE","2001","18.0"
"MÉLISSA","FILLE","2001","18.0"
"ADÈLE","FILLE","2001","17.0"
"LISA","FILLE","2001","17.0"
"ALICIA","FILLE","2001","16.0"
"AMBRE","FILLE","2001","16.0"
"AMÉLIE","FILLE","2001","16.0"
"JADE","FILLE","2001","16.0"
"MAËLYS","FILLE","2001","16.0"
"AXELLE","FILLE","2001","15.0"
"EMELINE","FILLE","2001","15.0"
"ROMANE","FILLE","2001","15.0"
"SALOMÉ","FILLE","2001","15.0"
"AGATHE","FILLE","2001","14.0"
"ALEXIA","FILLE","2001","14.0"
"ELOÏSE","FILLE","2001","14.0"
"ENORA","FILLE","2001","14.0"
"LAURIE","FILLE","2001","14.0"
"LÉNA","FILLE","2001","14.0"
"MÉLANIE","FILLE","2001","14.0"
"ANGÈLE","FILLE","2001","13.0"
"CLÉMENTINE","FILLE","2001","13.0"
"COLINE","FILLE","2001","13.0"
"LISE","FILLE","2001","13.0"
"NOLWENN","FILLE","2001","13.0"
"ANNA","FILLE","2001","12.0"
"CARLA","FILLE","2001","12.0"
"SOLÈNE","FILLE","2001","12.0"
"CLAIRE","FILLE","2001","11.0"
"ELISA","FILLE","2001","11.0"
"ELODIE","FILLE","2001","11.0"
"JULIA","FILLE","2001","11.0"
"LOU","FILLE","2001","11.0"
"VALENTINE","FILLE","2001","11.0"
"ALIX","FILLE","2001","10.0"
"CHARLÈNE","FILLE","2001","10.0"
"CONSTANCE","FILLE","2001","10.0"
"ELSA","FILLE","2001","10.0"
"LÉONIE","FILLE","2001","10.0"
"ORLANE","FILLE","2001","10.0"
"ALIZÉE","FILLE","2001","9.0"
"ANDRÉA","FILLE","2001","9.0"
"ASTRID","FILLE","2001","9.0"
"EUGÉNIE","FILLE","2001","9.0"
"MAÏLYS","FILLE","2001","9.0"
"MAUD","FILLE","2001","9.0"
"MÉLINA","FILLE","2001","9.0"
"NINA","FILLE","2001","9.0"
"ALEXANDRA","FILLE","2001","8.0"
"ANAËLLE","FILLE","2001","8.0"
"ANISSA","FILLE","2001","8.0"
"APOLLINE","FILLE","2001","8.0"
"LILOU","FILLE","2001","8.0"
"NORA","FILLE","2001","8.0"
"OPHÉLIE","FILLE","2001","8.0"
"ORIANE","FILLE","2001","8.0"
"TESS","FILLE","2001","8.0"
"BERTILLE","FILLE","2001","7.0"
"CASSANDRA","FILLE","2001","7.0"
"CASSANDRE","FILLE","2001","7.0"
"CÉLINE","FILLE","2001","7.0"
"CHARLINE","FILLE","2001","7.0"
"CLARISSE","FILLE","2001","7.0"
"CORALIE","FILLE","2001","7.0"
"HÉLOÏSE","FILLE","2001","7.0"
"ILONA","FILLE","2001","7.0"
"LESLIE","FILLE","2001","7.0"
"LUNA","FILLE","2001","7.0"
"NINON","FILLE","2001","7.0"
"ROSE","FILLE","2001","7.0"
"TIPHAINE","FILLE","2001","7.0"
"AMEL","FILLE","2001","6.0"
"CAROLINE","FILLE","2001","6.0"
"CÉLIA","FILLE","2001","6.0"
"EMMANUELLE","FILLE","2001","6.0"
"FIONA","FILLE","2001","6.0"
"LAURINE","FILLE","2001","6.0"
"LOUNA","FILLE","2001","6.0"
"MAUREEN","FILLE","2001","6.0"
"NOËMIE","FILLE","2001","6.0"
"SARA","FILLE","2001","6.0"
"VICTOIRE","FILLE","2001","6.0"
"YASMINE","FILLE","2001","6.0"
"THOMAS","GARCON","2001","102.0"
"HUGO","GARCON","2001","69.0"
"THÉO","GARCON","2001","68.0"
"CLÉMENT","GARCON","2001","61.0"
"ANTOINE","GARCON","2001","59.0"
"ALEXANDRE","GARCON","2001","57.0"
"LUCAS","GARCON","2001","56.0"
"MAXIME","GARCON","2001","56.0"
"PIERRE","GARCON","2001","54.0"
"MATHIS","GARCON","2001","52.0"
"BAPTISTE","GARCON","2001","47.0"
"LÉO","GARCON","2001","47.0"
"ARTHUR","GARCON","2001","43.0"
"VALENTIN","GARCON","2001","42.0"
"NATHAN","GARCON","2001","41.0"
"LOUIS","GARCON","2001","39.0"
"ROMAIN","GARCON","2001","39.0"
"ALEXIS","GARCON","2001","38.0"
"ENZO","GARCON","2001","38.0"
"PAUL","GARCON","2001","38.0"
"SIMON","GARCON","2001","36.0"
"JULIEN","GARCON","2001","35.0"
"NICOLAS","GARCON","2001","35.0"
"ADRIEN","GARCON","2001","33.0"
"VICTOR","GARCON","2001","33.0"
"BENJAMIN","GARCON","2001","31.0"
"QUENTIN","GARCON","2001","30.0"
"DYLAN","GARCON","2001","29.0"
"JULES","GARCON","2001","29.0"
"TITOUAN","GARCON","2001","29.0"
"TOM","GARCON","2001","28.0"
"CORENTIN","GARCON","2001","27.0"
"FLORIAN","GARCON","2001","26.0"
"MATHIEU","GARCON","2001","26.0"
"AXEL","GARCON","2001","25.0"
"TRISTAN","GARCON","2001","24.0"
"GUILLAUME","GARCON","2001","22.0"
"MAËL","GARCON","2001","22.0"
"MATHÉO","GARCON","2001","22.0"
"MATTÉO","GARCON","2001","22.0"
"DAMIEN","GARCON","2001","20.0"
"KILLIAN","GARCON","2001","20.0"
"SAMUEL","GARCON","2001","20.0"
"FRANÇOIS","GARCON","2001","19.0"
"VINCENT","GARCON","2001","19.0"
"MARTIN","GARCON","2001","18.0"
"ANTONIN","GARCON","2001","17.0"
"MAXENCE","GARCON","2001","17.0"
"MATÉO","GARCON","2001","16.0"
"JÉRÉMY","GARCON","2001","15.0"
"LILIAN","GARCON","2001","15.0"
"NOÉ","GARCON","2001","15.0"
"SACHA","GARCON","2001","15.0"
"TANGUY","GARCON","2001","15.0"
"WILLIAM","GARCON","2001","15.0"
"ANTHONY","GARCON","2001","14.0"
"AURÉLIEN","GARCON","2001","14.0"
"DORIAN","GARCON","2001","14.0"
"JASON","GARCON","2001","14.0"
"KYLIAN","GARCON","2001","14.0"
"MATTHIEU","GARCON","2001","14.0"
"ALAN","GARCON","2001","13.0"
"ARNAUD","GARCON","2001","13.0"
"BASTIEN","GARCON","2001","13.0"
"GABRIEL","GARCON","2001","13.0"
"KÉVIN","GARCON","2001","13.0"
"KILIAN","GARCON","2001","13.0"
"MALO","GARCON","2001","13.0"
"BRYAN","GARCON","2001","12.0"
"ERWAN","GARCON","2001","12.0"
"EVAN","GARCON","2001","12.0"
"GRÉGOIRE","GARCON","2001","12.0"
"THIBAULT","GARCON","2001","12.0"
"ALBAN","GARCON","2001","11.0"
"CHARLES","GARCON","2001","11.0"
"FÉLIX","GARCON","2001","11.0"
"MARIUS","GARCON","2001","11.0"
"RAPHAËL","GARCON","2001","11.0"
"ROBIN","GARCON","2001","11.0"
"YANN","GARCON","2001","11.0"
"DAVID","GARCON","2001","10.0"
"ETIENNE","GARCON","2001","10.0"
"JUSTIN","GARCON","2001","10.0"
"MATHYS","GARCON","2001","10.0"
"MEHDI","GARCON","2001","10.0"
"ARMAND","GARCON","2001","9.0"
"CHRISTOPHER","GARCON","2001","9.0"
"JEAN","GARCON","2001","9.0"
"KEVIN","GARCON","2001","9.0"
"MELVIN","GARCON","2001","9.0"
"RÉMI","GARCON","2001","9.0"
"TIMOTHÉ","GARCON","2001","9.0"
"YANIS","GARCON","2001","9.0"
"ALLAN","GARCON","2001","8.0"
"BRIEUC","GARCON","2001","8.0"
"EMILIEN","GARCON","2001","8.0"
"JORDAN","GARCON","2001","8.0"
"MARC","GARCON","2001","8.0"
"MARVIN","GARCON","2001","8.0"
"RONAN","GARCON","2001","8.0"
"STEVEN","GARCON","2001","8.0"
"ADAM","GARCON","2001","7.0"
"ALEX","GARCON","2001","7.0"
"CHARLY","GARCON","2001","7.0"
"DIMITRI","GARCON","2001","7.0"
"ERWANN","GARCON","2001","7.0"
"ESTEBAN","GARCON","2001","7.0"
"EWEN","GARCON","2001","7.0"
"KYLLIAN","GARCON","2001","7.0"
"LÉOPOLD","GARCON","2001","7.0"
"RYAN","GARCON","2001","7.0"
"SÉBASTIEN","GARCON","2001","7.0"
"SOFIANE","GARCON","2001","7.0"
"SYLVAIN","GARCON","2001","7.0"
"TEDDY","GARCON","2001","7.0"
"WALID","GARCON","2001","7.0"
"BRICE","GARCON","2001","6.0"
"EDGAR","GARCON","2001","6.0"
"ELIE","GARCON","2001","6.0"
"ELOUAN","GARCON","2001","6.0"
"GAËTAN","GARCON","2001","6.0"
"JONATHAN","GARCON","2001","6.0"
"MICKAËL","GARCON","2001","6.0"
"NINO","GARCON","2001","6.0"
"OLIVIER","GARCON","2001","6.0"
"PABLO","GARCON","2001","6.0"
"STANISLAS","GARCON","2001","6.0"
"THIBAUT","GARCON","2001","6.0"
"TIMOTHÉE","GARCON","2001","6.0"
